Date	Ticker	Price
2020-01-02	DJIA	28868.8
2020-01-02	SP500	3257.9
2020-01-02	NASDAQ	9092.2
2020-01-03	DJIA	28634.9
2020-01-03	SP500	3234.9
2020-01-03	NASDAQ	9020.8
2020-01-06	DJIA	28703.4
2020-01-06	SP500	3246.3
2020-01-06	NASDAQ	9071.5
2020-01-07	DJIA	28583.7
2020-01-07	SP500	3237.2
2020-01-07	NASDAQ	9068.6
2020-01-08	DJIA	28745.1
2020-01-08	SP500	3253.1
2020-01-08	NASDAQ	9129.2
2020-01-09	DJIA	28956.9
2020-01-09	SP500	3274.7
2020-01-09	NASDAQ	9203.4
2020-01-10	DJIA	28823.8
2020-01-10	SP500	3265.4
2020-01-10	NASDAQ	9178.9
2020-01-13	DJIA	28907.1
2020-01-13	SP500	3288.1
2020-01-13	NASDAQ	9273.9
2020-01-14	DJIA	28939.7
2020-01-14	SP500	3283.1
2020-01-14	NASDAQ	9251.3
2020-01-15	DJIA	29030.2
2020-01-15	SP500	3289.3
2020-01-15	NASDAQ	9258.7
2020-01-16	DJIA	29297.6
2020-01-16	SP500	3316.8
2020-01-16	NASDAQ	9357.1
2020-01-17	DJIA	29348.1
2020-01-17	SP500	3329.6
2020-01-17	NASDAQ	9388.9
2020-01-21	DJIA	29196.0
2020-01-21	SP500	3320.8
2020-01-21	NASDAQ	9370.8
2020-01-22	DJIA	29186.3
2020-01-22	SP500	3321.8
2020-01-22	NASDAQ	9383.8
2020-01-23	DJIA	29160.1
2020-01-23	SP500	3325.5
2020-01-23	NASDAQ	9402.5
2020-01-24	DJIA	28989.7
2020-01-24	SP500	3295.5
2020-01-24	NASDAQ	9314.9
2020-01-27	DJIA	28535.8
2020-01-27	SP500	3243.6
2020-01-27	NASDAQ	9139.3
2020-01-28	DJIA	28722.8
2020-01-28	SP500	3276.2
2020-01-28	NASDAQ	9269.7
2020-01-29	DJIA	28734.4
2020-01-29	SP500	3273.4
2020-01-29	NASDAQ	9275.2
2020-01-30	DJIA	28859.4
2020-01-30	SP500	3283.7
2020-01-30	NASDAQ	9298.9
2020-01-31	DJIA	28256.0
2020-01-31	SP500	3225.5
2020-01-31	NASDAQ	9150.9
2020-02-03	DJIA	28399.8
2020-02-03	SP500	3248.9
2020-02-03	NASDAQ	9273.4
2020-02-04	DJIA	28807.6
2020-02-04	SP500	3297.6
2020-02-04	NASDAQ	9468.0
2020-02-05	DJIA	29290.8
2020-02-05	SP500	3334.7
2020-02-05	NASDAQ	9508.7
2020-02-06	DJIA	29379.8
2020-02-06	SP500	3345.8
2020-02-06	NASDAQ	9572.2
2020-02-07	DJIA	29102.5
2020-02-07	SP500	3327.7
2020-02-07	NASDAQ	9520.5
2020-02-10	DJIA	29276.8
2020-02-10	SP500	3352.1
2020-02-10	NASDAQ	9628.4
2020-02-11	DJIA	29276.3
2020-02-11	SP500	3357.8
2020-02-11	NASDAQ	9638.9
2020-02-12	DJIA	29551.4
2020-02-12	SP500	3379.4
2020-02-12	NASDAQ	9726.0
2020-02-13	DJIA	29423.3
2020-02-13	SP500	3373.9
2020-02-13	NASDAQ	9712.0
2020-02-14	DJIA	29398.1
2020-02-14	SP500	3380.2
2020-02-14	NASDAQ	9731.2
2020-02-18	DJIA	29232.2
2020-02-18	SP500	3370.3
2020-02-18	NASDAQ	9732.7
2020-02-19	DJIA	29348.0
2020-02-19	SP500	3386.1
2020-02-19	NASDAQ	9817.2
2020-02-20	DJIA	29220.0
2020-02-20	SP500	3373.2
2020-02-20	NASDAQ	9751.0
2020-02-21	DJIA	28992.4
2020-02-21	SP500	3337.8
2020-02-21	NASDAQ	9576.6
2020-02-24	DJIA	27960.8
2020-02-24	SP500	3225.9
2020-02-24	NASDAQ	9221.3
2020-02-25	DJIA	27081.4
2020-02-25	SP500	3128.2
2020-02-25	NASDAQ	8965.6
2020-02-26	DJIA	26957.6
2020-02-26	SP500	3116.4
2020-02-26	NASDAQ	8980.8
2020-02-27	DJIA	25766.6
2020-02-27	SP500	2978.8
2020-02-27	NASDAQ	8566.5
2020-02-28	DJIA	25409.4
2020-02-28	SP500	2954.2
2020-02-28	NASDAQ	8567.4
2020-03-02	DJIA	26703.3
2020-03-02	SP500	3090.2
2020-03-02	NASDAQ	8952.2
2020-03-03	DJIA	25917.4
2020-03-03	SP500	3003.4
2020-03-03	NASDAQ	8684.1
2020-03-04	DJIA	27090.9
2020-03-04	SP500	3130.1
2020-03-04	NASDAQ	9018.1
2020-03-05	DJIA	26121.3
2020-03-05	SP500	3023.9
2020-03-05	NASDAQ	8738.6
2020-03-06	DJIA	25864.8
2020-03-06	SP500	2972.4
2020-03-06	NASDAQ	8575.6
2020-03-09	DJIA	23851.0
2020-03-09	SP500	2746.6
2020-03-09	NASDAQ	7950.7
2020-03-10	DJIA	25018.2
2020-03-10	SP500	2882.2
2020-03-10	NASDAQ	8344.2
2020-03-11	DJIA	23553.2
2020-03-11	SP500	2741.4
2020-03-11	NASDAQ	7952.0
2020-03-12	DJIA	21200.6
2020-03-12	SP500	2480.6
2020-03-12	NASDAQ	7201.8
2020-03-13	DJIA	23185.6
2020-03-13	SP500	2711.0
2020-03-13	NASDAQ	7874.9
2020-03-16	DJIA	20188.5
2020-03-16	SP500	2386.1
2020-03-16	NASDAQ	6904.6
2020-03-17	DJIA	21237.4
2020-03-17	SP500	2529.2
2020-03-17	NASDAQ	7334.8
2020-03-18	DJIA	19898.9
2020-03-18	SP500	2398.1
2020-03-18	NASDAQ	6989.8
2020-03-19	DJIA	20087.2
2020-03-19	SP500	2409.4
2020-03-19	NASDAQ	7150.6
2020-03-20	DJIA	19174.0
2020-03-20	SP500	2304.9
2020-03-20	NASDAQ	6879.5
2020-03-23	DJIA	18591.9
2020-03-23	SP500	2237.4
2020-03-23	NASDAQ	6860.7
2020-03-24	DJIA	20704.9
2020-03-24	SP500	2447.3
2020-03-24	NASDAQ	7417.9
2020-03-25	DJIA	21200.6
2020-03-25	SP500	2475.6
2020-03-25	NASDAQ	7384.3
2020-03-26	DJIA	22552.2
2020-03-26	SP500	2630.1
2020-03-26	NASDAQ	7797.5
2020-03-27	DJIA	21636.8
2020-03-27	SP500	2541.5
2020-03-27	NASDAQ	7502.4
2020-03-30	DJIA	22327.5
2020-03-30	SP500	2626.6
2020-03-30	NASDAQ	7774.1
2020-03-31	DJIA	21917.2
2020-03-31	SP500	2584.6
2020-03-31	NASDAQ	7700.1
2020-04-01	DJIA	20943.5
2020-04-01	SP500	2470.5
2020-04-01	NASDAQ	7360.6
2020-04-02	DJIA	21413.4
2020-04-02	SP500	2526.9
2020-04-02	NASDAQ	7487.3
2020-04-03	DJIA	21052.5
2020-04-03	SP500	2488.6
2020-04-03	NASDAQ	7373.1
2020-04-06	DJIA	22680.0
2020-04-06	SP500	2663.7
2020-04-06	NASDAQ	7913.2
2020-04-07	DJIA	22653.9
2020-04-07	SP500	2659.4
2020-04-07	NASDAQ	7887.3
2020-04-08	DJIA	23433.6
2020-04-08	SP500	2750.0
2020-04-08	NASDAQ	8090.9
2020-04-09	DJIA	23719.4
2020-04-09	SP500	2789.8
2020-04-09	NASDAQ	8153.6
2020-04-13	DJIA	23390.8
2020-04-13	SP500	2761.6
2020-04-13	NASDAQ	8192.4
2020-04-14	DJIA	23949.8
2020-04-14	SP500	2846.1
2020-04-14	NASDAQ	8515.7
2020-04-15	DJIA	23504.3
2020-04-15	SP500	2783.4
2020-04-15	NASDAQ	8393.2
2020-04-16	DJIA	23537.7
2020-04-16	SP500	2799.6
2020-04-16	NASDAQ	8532.4
2020-04-17	DJIA	24242.5
2020-04-17	SP500	2874.6
2020-04-17	NASDAQ	8650.1
2020-04-20	DJIA	23650.4
2020-04-20	SP500	2823.2
2020-04-20	NASDAQ	8560.7
2020-04-21	DJIA	23018.9
2020-04-21	SP500	2736.6
2020-04-21	NASDAQ	8263.2
2020-04-22	DJIA	23475.8
2020-04-22	SP500	2799.3
2020-04-22	NASDAQ	8495.4
2020-04-23	DJIA	23515.3
2020-04-23	SP500	2797.8
2020-04-23	NASDAQ	8494.8
2020-04-24	DJIA	23775.3
2020-04-24	SP500	2836.7
2020-04-24	NASDAQ	8634.5
2020-04-27	DJIA	24133.8
2020-04-27	SP500	2878.5
2020-04-27	NASDAQ	8730.2
2020-04-28	DJIA	24101.6
2020-04-28	SP500	2863.4
2020-04-28	NASDAQ	8607.7
2020-04-29	DJIA	24633.9
2020-04-29	SP500	2939.5
2020-04-29	NASDAQ	8914.7
2020-04-30	DJIA	24345.7
2020-04-30	SP500	2912.4
2020-04-30	NASDAQ	8889.5
2020-05-01	DJIA	23723.7
2020-05-01	SP500	2830.7
2020-05-01	NASDAQ	8605.0
2020-05-04	DJIA	23749.8
2020-05-04	SP500	2842.7
2020-05-04	NASDAQ	8710.7
2020-05-05	DJIA	23883.1
2020-05-05	SP500	2868.4
2020-05-05	NASDAQ	8809.1
2020-05-06	DJIA	23664.6
2020-05-06	SP500	2848.4
2020-05-06	NASDAQ	8854.4
2020-05-07	DJIA	23875.9
2020-05-07	SP500	2881.2
2020-05-07	NASDAQ	8979.7
2020-05-08	DJIA	24331.3
2020-05-08	SP500	2929.8
2020-05-08	NASDAQ	9121.3
2020-05-11	DJIA	24222.0
2020-05-11	SP500	2930.2
2020-05-11	NASDAQ	9192.3
2020-05-12	DJIA	23764.8
2020-05-12	SP500	2870.1
2020-05-12	NASDAQ	9002.5
2020-05-13	DJIA	23248.0
2020-05-13	SP500	2820.0
2020-05-13	NASDAQ	8863.2
2020-05-14	DJIA	23625.3
2020-05-14	SP500	2852.5
2020-05-14	NASDAQ	8943.7
2020-05-15	DJIA	23685.4
2020-05-15	SP500	2863.7
2020-05-15	NASDAQ	9014.6
2020-05-18	DJIA	24597.4
2020-05-18	SP500	2953.9
2020-05-18	NASDAQ	9234.8
2020-05-19	DJIA	24206.9
2020-05-19	SP500	2922.9
2020-05-19	NASDAQ	9185.1
2020-05-20	DJIA	24575.9
2020-05-20	SP500	2971.6
2020-05-20	NASDAQ	9375.8
2020-05-21	DJIA	24474.1
2020-05-21	SP500	2948.5
2020-05-21	NASDAQ	9284.9
2020-05-22	DJIA	24465.2
2020-05-22	SP500	2955.4
2020-05-22	NASDAQ	9324.6
2020-05-26	DJIA	24995.1
2020-05-26	SP500	2991.8
2020-05-26	NASDAQ	9340.2
2020-05-27	DJIA	25548.3
2020-05-27	SP500	3036.1
2020-05-27	NASDAQ	9412.4
2020-05-28	DJIA	25400.6
2020-05-28	SP500	3029.7
2020-05-28	NASDAQ	9369.0
2020-05-29	DJIA	25383.1
2020-05-29	SP500	3044.3
2020-05-29	NASDAQ	9489.9
2020-06-01	DJIA	25475.0
2020-06-01	SP500	3055.7
2020-06-01	NASDAQ	9552.0
2020-06-02	DJIA	25742.7
2020-06-02	SP500	3080.8
2020-06-02	NASDAQ	9608.4
2020-06-03	DJIA	26269.9
2020-06-03	SP500	3122.9
2020-06-03	NASDAQ	9682.9
2020-06-04	DJIA	26281.8
2020-06-04	SP500	3112.4
2020-06-04	NASDAQ	9615.8
2020-06-05	DJIA	27111.0
2020-06-05	SP500	3193.9
2020-06-05	NASDAQ	9814.1
2020-06-08	DJIA	27572.4
2020-06-08	SP500	3232.4
2020-06-08	NASDAQ	9924.8
2020-06-09	DJIA	27272.3
2020-06-09	SP500	3207.2
2020-06-09	NASDAQ	9953.8
2020-06-10	DJIA	26990.0
2020-06-10	SP500	3190.1
2020-06-10	NASDAQ	10020.3
2020-06-11	DJIA	25128.2
2020-06-11	SP500	3002.1
2020-06-11	NASDAQ	9492.7
2020-06-12	DJIA	25605.5
2020-06-12	SP500	3041.3
2020-06-12	NASDAQ	9588.8
2020-06-15	DJIA	25763.2
2020-06-15	SP500	3066.6
2020-06-15	NASDAQ	9726.0
2020-06-16	DJIA	26290.0
2020-06-16	SP500	3124.7
2020-06-16	NASDAQ	9895.9
2020-06-17	DJIA	26119.6
2020-06-17	SP500	3113.5
2020-06-17	NASDAQ	9910.5
2020-06-18	DJIA	26080.1
2020-06-18	SP500	3115.3
2020-06-18	NASDAQ	9943.0
2020-06-19	DJIA	25871.5
2020-06-19	SP500	3097.7
2020-06-19	NASDAQ	9946.1
2020-06-22	DJIA	26025.0
2020-06-22	SP500	3117.9
2020-06-22	NASDAQ	10056.5
2020-06-23	DJIA	26156.1
2020-06-23	SP500	3131.3
2020-06-23	NASDAQ	10131.4
2020-06-24	DJIA	25445.9
2020-06-24	SP500	3050.3
2020-06-24	NASDAQ	9909.2
2020-06-25	DJIA	25745.6
2020-06-25	SP500	3083.8
2020-06-25	NASDAQ	10017.0
2020-06-26	DJIA	25015.6
2020-06-26	SP500	3009.1
2020-06-26	NASDAQ	9757.2
2020-06-29	DJIA	25595.8
2020-06-29	SP500	3053.2
2020-06-29	NASDAQ	9874.2
2020-06-30	DJIA	25812.9
2020-06-30	SP500	3100.3
2020-06-30	NASDAQ	10058.8
2020-07-01	DJIA	25735.0
2020-07-01	SP500	3115.9
2020-07-01	NASDAQ	10154.6
2020-07-02	DJIA	25827.4
2020-07-02	SP500	3130.0
2020-07-02	NASDAQ	10207.6
2020-07-06	DJIA	26287.0
2020-07-06	SP500	3179.7
2020-07-06	NASDAQ	10433.7
2020-07-07	DJIA	25890.2
2020-07-07	SP500	3145.3
2020-07-07	NASDAQ	10343.9
2020-07-08	DJIA	26067.3
2020-07-08	SP500	3169.9
2020-07-08	NASDAQ	10492.5
2020-07-09	DJIA	25706.1
2020-07-09	SP500	3152.1
2020-07-09	NASDAQ	10547.8
2020-07-10	DJIA	26075.3
2020-07-10	SP500	3185.0
2020-07-10	NASDAQ	10617.4
2020-07-13	DJIA	26085.8
2020-07-13	SP500	3155.2
2020-07-13	NASDAQ	10390.8
2020-07-14	DJIA	26642.6
2020-07-14	SP500	3197.5
2020-07-14	NASDAQ	10488.6
2020-07-15	DJIA	26870.1
2020-07-15	SP500	3226.6
2020-07-15	NASDAQ	10550.5
2020-07-16	DJIA	26734.7
2020-07-16	SP500	3215.6
2020-07-16	NASDAQ	10473.8
2020-07-17	DJIA	26671.9
2020-07-17	SP500	3224.7
2020-07-17	NASDAQ	10503.2
2020-07-20	DJIA	26680.9
2020-07-20	SP500	3251.8
2020-07-20	NASDAQ	10767.1
2020-07-21	DJIA	26840.4
2020-07-21	SP500	3257.3
2020-07-21	NASDAQ	10680.4
2020-07-22	DJIA	27005.8
2020-07-22	SP500	3276.0
2020-07-22	NASDAQ	10706.1
2020-07-23	DJIA	26652.3
2020-07-23	SP500	3235.7
2020-07-23	NASDAQ	10461.4
2020-07-24	DJIA	26469.9
2020-07-24	SP500	3215.6
2020-07-24	NASDAQ	10363.2
2020-07-27	DJIA	26584.8
2020-07-27	SP500	3239.4
2020-07-27	NASDAQ	10536.3
2020-07-28	DJIA	26379.3
2020-07-28	SP500	3218.4
2020-07-28	NASDAQ	10402.1
2020-07-29	DJIA	26539.6
2020-07-29	SP500	3258.4
2020-07-29	NASDAQ	10542.9
2020-07-30	DJIA	26313.7
2020-07-30	SP500	3246.2
2020-07-30	NASDAQ	10587.8
2020-07-31	DJIA	26428.3
2020-07-31	SP500	3271.1
2020-07-31	NASDAQ	10745.3
2020-08-03	DJIA	26664.4
2020-08-03	SP500	3294.6
2020-08-03	NASDAQ	10902.8
2020-08-04	DJIA	26828.5
2020-08-04	SP500	3306.5
2020-08-04	NASDAQ	10941.2
2020-08-05	DJIA	27201.5
2020-08-05	SP500	3327.8
2020-08-05	NASDAQ	10998.4
2020-08-06	DJIA	27387.0
2020-08-06	SP500	3349.2
2020-08-06	NASDAQ	11108.1
2020-08-07	DJIA	27433.5
2020-08-07	SP500	3351.3
2020-08-07	NASDAQ	11011.0
2020-08-10	DJIA	27791.4
2020-08-10	SP500	3360.5
2020-08-10	NASDAQ	10968.4
2020-08-11	DJIA	27686.9
2020-08-11	SP500	3333.7
2020-08-11	NASDAQ	10782.8
2020-08-12	DJIA	27976.8
2020-08-12	SP500	3380.4
2020-08-12	NASDAQ	11012.2
2020-08-13	DJIA	27896.7
2020-08-13	SP500	3373.4
2020-08-13	NASDAQ	11042.5
2020-08-14	DJIA	27931.0
2020-08-14	SP500	3372.9
2020-08-14	NASDAQ	11019.3
2020-08-17	DJIA	27844.9
2020-08-17	SP500	3382.0
2020-08-17	NASDAQ	11129.7
2020-08-18	DJIA	27778.1
2020-08-18	SP500	3389.8
2020-08-18	NASDAQ	11210.8
2020-08-19	DJIA	27692.9
2020-08-19	SP500	3374.9
2020-08-19	NASDAQ	11146.5
2020-08-20	DJIA	27739.7
2020-08-20	SP500	3385.5
2020-08-20	NASDAQ	11265.0
2020-08-21	DJIA	27930.3
2020-08-21	SP500	3397.2
2020-08-21	NASDAQ	11311.8
2020-08-24	DJIA	28308.5
2020-08-24	SP500	3431.3
2020-08-24	NASDAQ	11379.7
2020-08-25	DJIA	28248.4
2020-08-25	SP500	3443.6
2020-08-25	NASDAQ	11466.5
2020-08-26	DJIA	28331.9
2020-08-26	SP500	3478.7
2020-08-26	NASDAQ	11665.1
2020-08-27	DJIA	28492.3
2020-08-27	SP500	3484.6
2020-08-27	NASDAQ	11625.3
2020-08-28	DJIA	28653.9
2020-08-28	SP500	3508.0
2020-08-28	NASDAQ	11695.6
2020-08-31	DJIA	28430.1
2020-08-31	SP500	3500.3
2020-08-31	NASDAQ	11775.5
2020-09-01	DJIA	28645.7
2020-09-01	SP500	3526.6
2020-09-01	NASDAQ	11939.7
2020-09-02	DJIA	29100.5
2020-09-02	SP500	3580.8
2020-09-02	NASDAQ	12056.4
2020-09-03	DJIA	28292.7
2020-09-03	SP500	3455.1
2020-09-03	NASDAQ	11458.1
2020-09-04	DJIA	28133.3
2020-09-04	SP500	3427.0
2020-09-04	NASDAQ	11313.1
2020-09-08	DJIA	27500.9
2020-09-08	SP500	3331.8
2020-09-08	NASDAQ	10847.7
2020-09-09	DJIA	27940.5
2020-09-09	SP500	3399.0
2020-09-09	NASDAQ	11141.6
2020-09-10	DJIA	27534.6
2020-09-10	SP500	3339.2
2020-09-10	NASDAQ	10919.6
2020-09-11	DJIA	27665.6
2020-09-11	SP500	3341.0
2020-09-11	NASDAQ	10853.5
2020-09-14	DJIA	27993.3
2020-09-14	SP500	3383.5
2020-09-14	NASDAQ	11056.7
2020-09-15	DJIA	27995.6
2020-09-15	SP500	3401.2
2020-09-15	NASDAQ	11190.3
2020-09-16	DJIA	28032.4
2020-09-16	SP500	3385.5
2020-09-16	NASDAQ	11050.5
2020-09-17	DJIA	27902.0
2020-09-17	SP500	3357.0
2020-09-17	NASDAQ	10910.3
2020-09-18	DJIA	27657.4
2020-09-18	SP500	3319.5
2020-09-18	NASDAQ	10793.3
2020-09-21	DJIA	27147.7
2020-09-21	SP500	3281.1
2020-09-21	NASDAQ	10778.8
2020-09-22	DJIA	27288.2
2020-09-22	SP500	3315.6
2020-09-22	NASDAQ	10963.6
2020-09-23	DJIA	26763.1
2020-09-23	SP500	3236.9
2020-09-23	NASDAQ	10633.0
2020-09-24	DJIA	26815.4
2020-09-24	SP500	3246.6
2020-09-24	NASDAQ	10672.3
2020-09-25	DJIA	27174.0
2020-09-25	SP500	3298.5
2020-09-25	NASDAQ	10913.6
2020-09-28	DJIA	27584.1
2020-09-28	SP500	3351.6
2020-09-28	NASDAQ	11117.5
2020-09-29	DJIA	27452.7
2020-09-29	SP500	3335.5
2020-09-29	NASDAQ	11085.2
2020-09-30	DJIA	27781.7
2020-09-30	SP500	3363.0
2020-09-30	NASDAQ	11167.5
2020-10-01	DJIA	27816.9
2020-10-01	SP500	3380.8
2020-10-01	NASDAQ	11326.5
2020-10-02	DJIA	27682.8
2020-10-02	SP500	3348.4
2020-10-02	NASDAQ	11075.0
2020-10-05	DJIA	28148.6
2020-10-05	SP500	3408.6
2020-10-05	NASDAQ	11332.5
2020-10-06	DJIA	27772.8
2020-10-06	SP500	3361.0
2020-10-06	NASDAQ	11154.6
2020-10-07	DJIA	28303.5
2020-10-07	SP500	3419.4
2020-10-07	NASDAQ	11364.6
2020-10-08	DJIA	28425.5
2020-10-08	SP500	3446.8
2020-10-08	NASDAQ	11421.0
2020-10-09	DJIA	28586.9
2020-10-09	SP500	3477.1
2020-10-09	NASDAQ	11579.9
2020-10-12	DJIA	28837.5
2020-10-12	SP500	3534.2
2020-10-12	NASDAQ	11876.3
2020-10-13	DJIA	28679.8
2020-10-13	SP500	3511.9
2020-10-13	NASDAQ	11863.9
2020-10-14	DJIA	28514.0
2020-10-14	SP500	3488.7
2020-10-14	NASDAQ	11768.7
2020-10-15	DJIA	28494.2
2020-10-15	SP500	3483.3
2020-10-15	NASDAQ	11713.9
2020-10-16	DJIA	28606.3
2020-10-16	SP500	3483.8
2020-10-16	NASDAQ	11671.6
2020-10-19	DJIA	28195.4
2020-10-19	SP500	3426.9
2020-10-19	NASDAQ	11478.9
2020-10-20	DJIA	28308.8
2020-10-20	SP500	3443.1
2020-10-20	NASDAQ	11516.5
2020-10-21	DJIA	28210.8
2020-10-21	SP500	3435.6
2020-10-21	NASDAQ	11484.7
2020-10-22	DJIA	28363.7
2020-10-22	SP500	3453.5
2020-10-22	NASDAQ	11506.0
2020-10-23	DJIA	28335.6
2020-10-23	SP500	3465.4
2020-10-23	NASDAQ	11548.3
2020-10-26	DJIA	27685.4
2020-10-26	SP500	3401.0
2020-10-26	NASDAQ	11358.9
2020-10-27	DJIA	27463.2
2020-10-27	SP500	3390.7
2020-10-27	NASDAQ	11431.3
2020-10-28	DJIA	26519.9
2020-10-28	SP500	3271.0
2020-10-28	NASDAQ	11004.9
2020-10-29	DJIA	26659.1
2020-10-29	SP500	3310.1
2020-10-29	NASDAQ	11185.6
2020-10-30	DJIA	26501.6
2020-10-30	SP500	3270.0
2020-10-30	NASDAQ	10911.6
2020-11-02	DJIA	26925.1
2020-11-02	SP500	3310.2
2020-11-02	NASDAQ	10957.6
2020-11-03	DJIA	27480.0
2020-11-03	SP500	3369.2
2020-11-03	NASDAQ	11160.6
2020-11-04	DJIA	27847.7
2020-11-04	SP500	3443.4
2020-11-04	NASDAQ	11590.8
2020-11-05	DJIA	28390.2
2020-11-05	SP500	3510.4
2020-11-05	NASDAQ	11890.9
2020-11-06	DJIA	28323.4
2020-11-06	SP500	3509.4
2020-11-06	NASDAQ	11895.2
2020-11-09	DJIA	29158.0
2020-11-09	SP500	3550.5
2020-11-09	NASDAQ	11713.8
2020-11-10	DJIA	29420.9
2020-11-10	SP500	3545.5
2020-11-10	NASDAQ	11553.9
2020-11-11	DJIA	29397.6
2020-11-11	SP500	3572.7
2020-11-11	NASDAQ	11786.4
2020-11-12	DJIA	29080.2
2020-11-12	SP500	3537.0
2020-11-12	NASDAQ	11709.6
2020-11-13	DJIA	29479.8
2020-11-13	SP500	3585.1
2020-11-13	NASDAQ	11829.3
2020-11-16	DJIA	29950.4
2020-11-16	SP500	3626.9
2020-11-16	NASDAQ	11924.1
2020-11-17	DJIA	29783.3
2020-11-17	SP500	3609.5
2020-11-17	NASDAQ	11899.3
2020-11-18	DJIA	29438.4
2020-11-18	SP500	3567.8
2020-11-18	NASDAQ	11801.6
2020-11-19	DJIA	29483.2
2020-11-19	SP500	3581.9
2020-11-19	NASDAQ	11904.7
2020-11-20	DJIA	29263.5
2020-11-20	SP500	3557.5
2020-11-20	NASDAQ	11855.0
2020-11-23	DJIA	29591.3
2020-11-23	SP500	3577.6
2020-11-23	NASDAQ	11880.6
2020-11-24	DJIA	30046.2
2020-11-24	SP500	3635.4
2020-11-24	NASDAQ	12036.8
2020-11-25	DJIA	29872.5
2020-11-25	SP500	3629.6
2020-11-25	NASDAQ	12094.4
2020-11-27	DJIA	29910.4
2020-11-27	SP500	3638.4
2020-11-27	NASDAQ	12205.8
2020-11-30	DJIA	29638.6
2020-11-30	SP500	3621.6
2020-11-30	NASDAQ	12198.7
2020-12-01	DJIA	29823.9
2020-12-01	SP500	3662.4
2020-12-01	NASDAQ	12355.1
2020-12-02	DJIA	29883.8
2020-12-02	SP500	3669.0
2020-12-02	NASDAQ	12349.4
2020-12-03	DJIA	29969.5
2020-12-03	SP500	3666.7
2020-12-03	NASDAQ	12377.2
2020-12-04	DJIA	30218.3
2020-12-04	SP500	3699.1
2020-12-04	NASDAQ	12464.2
2020-12-07	DJIA	30069.8
2020-12-07	SP500	3692.0
2020-12-07	NASDAQ	12520.0
2020-12-08	DJIA	30173.9
2020-12-08	SP500	3702.2
2020-12-08	NASDAQ	12582.8
2020-12-09	DJIA	30068.8
2020-12-09	SP500	3672.8
2020-12-09	NASDAQ	12339.0
2020-12-10	DJIA	29999.3
2020-12-10	SP500	3668.1
2020-12-10	NASDAQ	12405.8
2020-12-11	DJIA	30046.4
2020-12-11	SP500	3663.5
2020-12-11	NASDAQ	12377.9
2020-12-14	DJIA	29861.6
2020-12-14	SP500	3647.5
2020-12-14	NASDAQ	12440.0
2020-12-15	DJIA	30199.3
2020-12-15	SP500	3694.6
2020-12-15	NASDAQ	12595.1
2020-12-16	DJIA	30154.5
2020-12-16	SP500	3701.2
2020-12-16	NASDAQ	12658.2
2020-12-17	DJIA	30303.4
2020-12-17	SP500	3722.5
2020-12-17	NASDAQ	12764.8
2020-12-18	DJIA	30179.1
2020-12-18	SP500	3709.4
2020-12-18	NASDAQ	12755.6
2020-12-21	DJIA	30216.4
2020-12-21	SP500	3694.9
2020-12-21	NASDAQ	12742.5
2020-12-22	DJIA	30015.5
2020-12-22	SP500	3687.3
2020-12-22	NASDAQ	12807.9
2020-12-23	DJIA	30129.8
2020-12-23	SP500	3690.0
2020-12-23	NASDAQ	12771.1
2020-12-24	DJIA	30199.9
2020-12-24	SP500	3703.1
2020-12-24	NASDAQ	12804.7
2020-12-28	DJIA	30404.0
2020-12-28	SP500	3735.4
2020-12-28	NASDAQ	12899.4
2020-12-29	DJIA	30335.7
2020-12-29	SP500	3727.0
2020-12-29	NASDAQ	12850.2
2020-12-30	DJIA	30409.6
2020-12-30	SP500	3732.0
2020-12-30	NASDAQ	12870.0
2020-12-31	DJIA	30606.5
2020-12-31	SP500	3756.1
2020-12-31	NASDAQ	12888.3
2021-01-04	DJIA	30223.9
2021-01-04	SP500	3700.6
2021-01-04	NASDAQ	12698.5
2021-01-05	DJIA	30391.6
2021-01-05	SP500	3726.9
2021-01-05	NASDAQ	12819.0
2021-01-06	DJIA	30829.4
2021-01-06	SP500	3748.1
2021-01-06	NASDAQ	12740.8
2021-01-07	DJIA	31041.1
2021-01-07	SP500	3803.8
2021-01-07	NASDAQ	13067.5
2021-01-08	DJIA	31098.0
2021-01-08	SP500	3824.7
2021-01-08	NASDAQ	13202.0
2021-01-11	DJIA	31008.7
2021-01-11	SP500	3799.6
2021-01-11	NASDAQ	13036.4
2021-01-12	DJIA	31068.7
2021-01-12	SP500	3801.2
2021-01-12	NASDAQ	13072.4
2021-01-13	DJIA	31060.5
2021-01-13	SP500	3809.8
2021-01-13	NASDAQ	13129.0
2021-01-14	DJIA	30991.5
2021-01-14	SP500	3795.5
2021-01-14	NASDAQ	13112.6
2021-01-15	DJIA	30814.3
2021-01-15	SP500	3768.2
2021-01-15	NASDAQ	12998.5
2021-01-19	DJIA	30930.5
2021-01-19	SP500	3798.9
2021-01-19	NASDAQ	13197.2
2021-01-20	DJIA	31188.4
2021-01-20	SP500	3851.9
2021-01-20	NASDAQ	13457.2
2021-01-21	DJIA	31176.0
2021-01-21	SP500	3853.1
2021-01-21	NASDAQ	13530.9
2021-01-22	DJIA	30997.0
2021-01-22	SP500	3841.5
2021-01-22	NASDAQ	13543.1
2021-01-25	DJIA	30960.0
2021-01-25	SP500	3855.4
2021-01-25	NASDAQ	13636.0
2021-01-26	DJIA	30937.0
2021-01-26	SP500	3849.6
2021-01-26	NASDAQ	13626.1
2021-01-27	DJIA	30303.2
2021-01-27	SP500	3750.8
2021-01-27	NASDAQ	13270.6
2021-01-28	DJIA	30603.4
2021-01-28	SP500	3787.4
2021-01-28	NASDAQ	13337.2
2021-01-29	DJIA	29982.6
2021-01-29	SP500	3714.2
2021-01-29	NASDAQ	13070.7
2021-02-01	DJIA	30211.9
2021-02-01	SP500	3773.9
2021-02-01	NASDAQ	13403.4
2021-02-02	DJIA	30687.5
2021-02-02	SP500	3826.3
2021-02-02	NASDAQ	13612.8
2021-02-03	DJIA	30723.6
2021-02-03	SP500	3830.2
2021-02-03	NASDAQ	13610.5
2021-02-04	DJIA	31055.9
2021-02-04	SP500	3871.7
2021-02-04	NASDAQ	13777.7
2021-02-05	DJIA	31148.2
2021-02-05	SP500	3886.8
2021-02-05	NASDAQ	13856.3
2021-02-08	DJIA	31385.8
2021-02-08	SP500	3915.6
2021-02-08	NASDAQ	13987.6
2021-02-09	DJIA	31375.8
2021-02-09	SP500	3911.2
2021-02-09	NASDAQ	14007.7
2021-02-10	DJIA	31437.8
2021-02-10	SP500	3909.9
2021-02-10	NASDAQ	13972.5
2021-02-11	DJIA	31430.7
2021-02-11	SP500	3916.4
2021-02-11	NASDAQ	14025.8
2021-02-12	DJIA	31458.4
2021-02-12	SP500	3934.8
2021-02-12	NASDAQ	14095.5
2021-02-16	DJIA	31522.8
2021-02-16	SP500	3932.6
2021-02-16	NASDAQ	14047.5
2021-02-17	DJIA	31613.0
2021-02-17	SP500	3931.3
2021-02-17	NASDAQ	13965.5
2021-02-18	DJIA	31493.3
2021-02-18	SP500	3914.0
2021-02-18	NASDAQ	13865.4
2021-02-19	DJIA	31494.3
2021-02-19	SP500	3906.7
2021-02-19	NASDAQ	13874.5
2021-02-22	DJIA	31521.7
2021-02-22	SP500	3876.5
2021-02-22	NASDAQ	13533.0
2021-02-23	DJIA	31537.3
2021-02-23	SP500	3881.4
2021-02-23	NASDAQ	13465.2
2021-02-24	DJIA	31961.9
2021-02-24	SP500	3925.4
2021-02-24	NASDAQ	13598.0
2021-02-25	DJIA	31402.0
2021-02-25	SP500	3829.3
2021-02-25	NASDAQ	13119.4
2021-02-26	DJIA	30932.4
2021-02-26	SP500	3811.1
2021-02-26	NASDAQ	13192.3
2021-03-01	DJIA	31535.5
2021-03-01	SP500	3901.8
2021-03-01	NASDAQ	13588.8
2021-03-02	DJIA	31391.5
2021-03-02	SP500	3870.3
2021-03-02	NASDAQ	13358.8
2021-03-03	DJIA	31270.1
2021-03-03	SP500	3819.7
2021-03-03	NASDAQ	12997.8
2021-03-04	DJIA	30924.1
2021-03-04	SP500	3768.5
2021-03-04	NASDAQ	12723.5
2021-03-05	DJIA	31496.3
2021-03-05	SP500	3841.9
2021-03-05	NASDAQ	12920.2
2021-03-08	DJIA	31802.4
2021-03-08	SP500	3821.4
2021-03-08	NASDAQ	12609.2
2021-03-09	DJIA	31832.7
2021-03-09	SP500	3875.4
2021-03-09	NASDAQ	13073.8
2021-03-10	DJIA	32297.0
2021-03-10	SP500	3898.8
2021-03-10	NASDAQ	13068.8
2021-03-11	DJIA	32485.6
2021-03-11	SP500	3939.3
2021-03-11	NASDAQ	13398.7
2021-03-12	DJIA	32778.6
2021-03-12	SP500	3943.3
2021-03-12	NASDAQ	13319.9
2021-03-15	DJIA	32953.5
2021-03-15	SP500	3968.9
2021-03-15	NASDAQ	13459.7
2021-03-16	DJIA	32825.9
2021-03-16	SP500	3962.7
2021-03-16	NASDAQ	13471.6
2021-03-17	DJIA	33015.4
2021-03-17	SP500	3974.1
2021-03-17	NASDAQ	13525.2
2021-03-18	DJIA	32862.3
2021-03-18	SP500	3915.5
2021-03-18	NASDAQ	13116.2
2021-03-19	DJIA	32628.0
2021-03-19	SP500	3913.1
2021-03-19	NASDAQ	13215.2
2021-03-22	DJIA	32731.2
2021-03-22	SP500	3940.6
2021-03-22	NASDAQ	13377.5
2021-03-23	DJIA	32423.2
2021-03-23	SP500	3910.5
2021-03-23	NASDAQ	13227.7
2021-03-24	DJIA	32420.1
2021-03-24	SP500	3889.1
2021-03-24	NASDAQ	12961.9
2021-03-25	DJIA	32619.5
2021-03-25	SP500	3909.5
2021-03-25	NASDAQ	12977.7
2021-03-26	DJIA	33072.9
2021-03-26	SP500	3974.5
2021-03-26	NASDAQ	13138.7
2021-03-29	DJIA	33171.4
2021-03-29	SP500	3971.1
2021-03-29	NASDAQ	13059.7
2021-03-30	DJIA	33067.0
2021-03-30	SP500	3958.6
2021-03-30	NASDAQ	13045.4
2021-03-31	DJIA	32981.6
2021-03-31	SP500	3972.9
2021-03-31	NASDAQ	13246.9
2021-04-01	DJIA	33153.2
2021-04-01	SP500	4019.9
2021-04-01	NASDAQ	13480.1
2021-04-05	DJIA	33527.2
2021-04-05	SP500	4077.9
2021-04-05	NASDAQ	13705.6
2021-04-06	DJIA	33430.2
2021-04-06	SP500	4073.9
2021-04-06	NASDAQ	13698.4
2021-04-07	DJIA	33446.3
2021-04-07	SP500	4079.9
2021-04-07	NASDAQ	13688.8
2021-04-08	DJIA	33503.6
2021-04-08	SP500	4097.2
2021-04-08	NASDAQ	13829.3
2021-04-09	DJIA	33800.6
2021-04-09	SP500	4128.8
2021-04-09	NASDAQ	13900.2
2021-04-12	DJIA	33745.4
2021-04-12	SP500	4128.0
2021-04-12	NASDAQ	13850.0
2021-04-13	DJIA	33677.3
2021-04-13	SP500	4141.6
2021-04-13	NASDAQ	13996.1
2021-04-14	DJIA	33730.9
2021-04-14	SP500	4124.7
2021-04-14	NASDAQ	13857.8
2021-04-15	DJIA	34036.0
2021-04-15	SP500	4170.4
2021-04-15	NASDAQ	14038.8
2021-04-16	DJIA	34200.7
2021-04-16	SP500	4185.5
2021-04-16	NASDAQ	14052.3
2021-04-19	DJIA	34077.6
2021-04-19	SP500	4163.3
2021-04-19	NASDAQ	13914.8
2021-04-20	DJIA	33821.3
2021-04-20	SP500	4134.9
2021-04-20	NASDAQ	13786.3
2021-04-21	DJIA	34137.3
2021-04-21	SP500	4173.4
2021-04-21	NASDAQ	13950.2
2021-04-22	DJIA	33815.9
2021-04-22	SP500	4135.0
2021-04-22	NASDAQ	13818.4
2021-04-23	DJIA	34043.5
2021-04-23	SP500	4180.2
2021-04-23	NASDAQ	14016.8
2021-04-26	DJIA	33981.6
2021-04-26	SP500	4187.6
2021-04-26	NASDAQ	14138.8
2021-04-27	DJIA	33984.9
2021-04-27	SP500	4186.7
2021-04-27	NASDAQ	14090.2
2021-04-28	DJIA	33820.4
2021-04-28	SP500	4183.2
2021-04-28	NASDAQ	14051.0
2021-04-29	DJIA	34060.4
2021-04-29	SP500	4211.5
2021-04-29	NASDAQ	14082.5
2021-04-30	DJIA	33874.9
2021-04-30	SP500	4181.2
2021-04-30	NASDAQ	13962.7
2021-05-03	DJIA	34113.2
2021-05-03	SP500	4192.7
2021-05-03	NASDAQ	13895.1
2021-05-04	DJIA	34133.0
2021-05-04	SP500	4164.7
2021-05-04	NASDAQ	13633.5
2021-05-05	DJIA	34230.3
2021-05-05	SP500	4167.6
2021-05-05	NASDAQ	13582.4
2021-05-06	DJIA	34548.5
2021-05-06	SP500	4201.6
2021-05-06	NASDAQ	13632.8
2021-05-07	DJIA	34777.8
2021-05-07	SP500	4232.6
2021-05-07	NASDAQ	13752.2
2021-05-10	DJIA	34742.8
2021-05-10	SP500	4188.4
2021-05-10	NASDAQ	13401.9
2021-05-11	DJIA	34269.2
2021-05-11	SP500	4152.1
2021-05-11	NASDAQ	13389.4
2021-05-12	DJIA	33587.7
2021-05-12	SP500	4063.0
2021-05-12	NASDAQ	13031.7
2021-05-13	DJIA	34021.4
2021-05-13	SP500	4112.5
2021-05-13	NASDAQ	13125.0
2021-05-14	DJIA	34382.1
2021-05-14	SP500	4173.9
2021-05-14	NASDAQ	13430.0
2021-05-17	DJIA	34327.8
2021-05-17	SP500	4163.3
2021-05-17	NASDAQ	13379.0
2021-05-18	DJIA	34060.7
2021-05-18	SP500	4127.8
2021-05-18	NASDAQ	13303.6
2021-05-19	DJIA	33896.0
2021-05-19	SP500	4115.7
2021-05-19	NASDAQ	13299.7
2021-05-20	DJIA	34084.1
2021-05-20	SP500	4159.1
2021-05-20	NASDAQ	13535.7
2021-05-21	DJIA	34207.8
2021-05-21	SP500	4155.9
2021-05-21	NASDAQ	13471.0
2021-05-24	DJIA	34394.0
2021-05-24	SP500	4197.0
2021-05-24	NASDAQ	13661.2
2021-05-25	DJIA	34312.5
2021-05-25	SP500	4188.1
2021-05-25	NASDAQ	13657.2
2021-05-26	DJIA	34323.1
2021-05-26	SP500	4196.0
2021-05-26	NASDAQ	13738.0
2021-05-27	DJIA	34464.6
2021-05-27	SP500	4200.9
2021-05-27	NASDAQ	13736.3
2021-05-28	DJIA	34529.4
2021-05-28	SP500	4204.1
2021-05-28	NASDAQ	13748.7
2021-06-01	DJIA	34575.3
2021-06-01	SP500	4202.0
2021-06-01	NASDAQ	13736.5
2021-06-02	DJIA	34600.4
2021-06-02	SP500	4208.1
2021-06-02	NASDAQ	13756.3
2021-06-03	DJIA	34577.0
2021-06-03	SP500	4192.9
2021-06-03	NASDAQ	13614.5
2021-06-04	DJIA	34756.4
2021-06-04	SP500	4229.9
2021-06-04	NASDAQ	13814.5
2021-06-07	DJIA	34630.2
2021-06-07	SP500	4226.5
2021-06-07	NASDAQ	13881.7
2021-06-08	DJIA	34599.8
2021-06-08	SP500	4227.3
2021-06-08	NASDAQ	13924.9
2021-06-09	DJIA	34447.1
2021-06-09	SP500	4219.5
2021-06-09	NASDAQ	13911.8
2021-06-10	DJIA	34466.2
2021-06-10	SP500	4239.2
2021-06-10	NASDAQ	14020.3
2021-06-11	DJIA	34479.6
2021-06-11	SP500	4247.4
2021-06-11	NASDAQ	14069.4
2021-06-14	DJIA	34393.8
2021-06-14	SP500	4255.1
2021-06-14	NASDAQ	14174.1
2021-06-15	DJIA	34299.3
2021-06-15	SP500	4246.6
2021-06-15	NASDAQ	14072.9
2021-06-16	DJIA	34033.7
2021-06-16	SP500	4223.7
2021-06-16	NASDAQ	14039.7
2021-06-17	DJIA	33823.4
2021-06-17	SP500	4221.9
2021-06-17	NASDAQ	14161.3
2021-06-18	DJIA	33290.1
2021-06-18	SP500	4166.5
2021-06-18	NASDAQ	14030.4
2021-06-21	DJIA	33877.0
2021-06-21	SP500	4224.8
2021-06-21	NASDAQ	14141.5
2021-06-22	DJIA	33945.6
2021-06-22	SP500	4246.4
2021-06-22	NASDAQ	14253.3
2021-06-23	DJIA	33874.2
2021-06-23	SP500	4241.8
2021-06-23	NASDAQ	14271.7
2021-06-24	DJIA	34196.8
2021-06-24	SP500	4266.5
2021-06-24	NASDAQ	14369.7
2021-06-25	DJIA	34433.8
2021-06-25	SP500	4280.7
2021-06-25	NASDAQ	14360.4
2021-06-28	DJIA	34283.3
2021-06-28	SP500	4290.6
2021-06-28	NASDAQ	14500.5
2021-06-29	DJIA	34292.3
2021-06-29	SP500	4291.8
2021-06-29	NASDAQ	14528.3
2021-06-30	DJIA	34502.5
2021-06-30	SP500	4297.5
2021-06-30	NASDAQ	14504.0
2021-07-01	DJIA	34633.5
2021-07-01	SP500	4319.9
2021-07-01	NASDAQ	14522.4
2021-07-02	DJIA	34786.4
2021-07-02	SP500	4352.3
2021-07-02	NASDAQ	14639.3
2021-07-06	DJIA	34577.4
2021-07-06	SP500	4343.5
2021-07-06	NASDAQ	14663.6
2021-07-07	DJIA	34681.8
2021-07-07	SP500	4358.1
2021-07-07	NASDAQ	14665.1
2021-07-08	DJIA	34421.9
2021-07-08	SP500	4320.8
2021-07-08	NASDAQ	14559.8
2021-07-09	DJIA	34870.2
2021-07-09	SP500	4369.5
2021-07-09	NASDAQ	14701.9
2021-07-12	DJIA	34996.2
2021-07-12	SP500	4384.6
2021-07-12	NASDAQ	14733.2
2021-07-13	DJIA	34888.8
2021-07-13	SP500	4369.2
2021-07-13	NASDAQ	14677.7
2021-07-14	DJIA	34933.2
2021-07-14	SP500	4374.3
2021-07-14	NASDAQ	14645.0
2021-07-15	DJIA	34987.0
2021-07-15	SP500	4360.0
2021-07-15	NASDAQ	14543.1
2021-07-16	DJIA	34687.9
2021-07-16	SP500	4327.2
2021-07-16	NASDAQ	14427.2
2021-07-19	DJIA	33962.0
2021-07-19	SP500	4258.5
2021-07-19	NASDAQ	14275.0
2021-07-20	DJIA	34512.0
2021-07-20	SP500	4323.1
2021-07-20	NASDAQ	14498.9
2021-07-21	DJIA	34798.0
2021-07-21	SP500	4358.7
2021-07-21	NASDAQ	14632.0
2021-07-22	DJIA	34823.4
2021-07-22	SP500	4367.5
2021-07-22	NASDAQ	14684.6
2021-07-23	DJIA	35061.6
2021-07-23	SP500	4411.8
2021-07-23	NASDAQ	14837.0
2021-07-26	DJIA	35144.3
2021-07-26	SP500	4422.3
2021-07-26	NASDAQ	14840.7
2021-07-27	DJIA	35058.5
2021-07-27	SP500	4401.5
2021-07-27	NASDAQ	14660.6
2021-07-28	DJIA	34930.9
2021-07-28	SP500	4400.6
2021-07-28	NASDAQ	14762.6
2021-07-29	DJIA	35084.5
2021-07-29	SP500	4419.1
2021-07-29	NASDAQ	14778.3
2021-07-30	DJIA	34935.5
2021-07-30	SP500	4395.3
2021-07-30	NASDAQ	14672.7
2021-08-02	DJIA	34838.2
2021-08-02	SP500	4387.2
2021-08-02	NASDAQ	14681.1
2021-08-03	DJIA	35116.4
2021-08-03	SP500	4423.1
2021-08-03	NASDAQ	14761.3
2021-08-04	DJIA	34792.7
2021-08-04	SP500	4402.7
2021-08-04	NASDAQ	14780.5
2021-08-05	DJIA	35064.2
2021-08-05	SP500	4429.1
2021-08-05	NASDAQ	14895.1
2021-08-06	DJIA	35208.5
2021-08-06	SP500	4436.5
2021-08-06	NASDAQ	14835.8
2021-08-09	DJIA	35101.9
2021-08-09	SP500	4432.4
2021-08-09	NASDAQ	14860.2
2021-08-10	DJIA	35264.7
2021-08-10	SP500	4436.8
2021-08-10	NASDAQ	14788.1
2021-08-11	DJIA	35485.0
2021-08-11	SP500	4442.4
2021-08-11	NASDAQ	14765.1
2021-08-12	DJIA	35499.9
2021-08-12	SP500	4460.8
2021-08-12	NASDAQ	14816.3
2021-08-13	DJIA	35515.4
2021-08-13	SP500	4468.0
2021-08-13	NASDAQ	14822.9
2021-08-16	DJIA	35625.4
2021-08-16	SP500	4479.7
2021-08-16	NASDAQ	14793.8
2021-08-17	DJIA	35343.3
2021-08-17	SP500	4448.1
2021-08-17	NASDAQ	14656.2
2021-08-18	DJIA	34960.7
2021-08-18	SP500	4400.3
2021-08-18	NASDAQ	14525.9
2021-08-19	DJIA	34894.1
2021-08-19	SP500	4405.8
2021-08-19	NASDAQ	14541.8
2021-08-20	DJIA	35120.1
2021-08-20	SP500	4441.7
2021-08-20	NASDAQ	14714.7
2021-08-23	DJIA	35335.7
2021-08-23	SP500	4479.5
2021-08-23	NASDAQ	14942.7
2021-08-24	DJIA	35366.3
2021-08-24	SP500	4486.2
2021-08-24	NASDAQ	15019.8
2021-08-25	DJIA	35405.5
2021-08-25	SP500	4496.2
2021-08-25	NASDAQ	15041.9
2021-08-26	DJIA	35213.1
2021-08-26	SP500	4470.0
2021-08-26	NASDAQ	14945.8
2021-08-27	DJIA	35455.8
2021-08-27	SP500	4509.4
2021-08-27	NASDAQ	15129.5
2021-08-30	DJIA	35399.8
2021-08-30	SP500	4528.8
2021-08-30	NASDAQ	15265.9
2021-08-31	DJIA	35360.7
2021-08-31	SP500	4522.7
2021-08-31	NASDAQ	15259.2
2021-09-01	DJIA	35312.5
2021-09-01	SP500	4524.1
2021-09-01	NASDAQ	15309.4
2021-09-02	DJIA	35443.8
2021-09-02	SP500	4537.0
2021-09-02	NASDAQ	15331.2
2021-09-03	DJIA	35369.1
2021-09-03	SP500	4535.4
2021-09-03	NASDAQ	15363.5
2021-09-07	DJIA	35100.0
2021-09-07	SP500	4520.0
2021-09-07	NASDAQ	15374.3
2021-09-08	DJIA	35031.1
2021-09-08	SP500	4514.1
2021-09-08	NASDAQ	15286.6
2021-09-09	DJIA	34879.4
2021-09-09	SP500	4493.3
2021-09-09	NASDAQ	15248.2
2021-09-10	DJIA	34607.7
2021-09-10	SP500	4458.6
2021-09-10	NASDAQ	15115.5
2021-09-13	DJIA	34869.6
2021-09-13	SP500	4468.7
2021-09-13	NASDAQ	15105.6
2021-09-14	DJIA	34577.6
2021-09-14	SP500	4443.0
2021-09-14	NASDAQ	15037.8
2021-09-15	DJIA	34814.4
2021-09-15	SP500	4480.7
2021-09-15	NASDAQ	15161.5
2021-09-16	DJIA	34751.3
2021-09-16	SP500	4473.8
2021-09-16	NASDAQ	15181.9
2021-09-17	DJIA	34584.9
2021-09-17	SP500	4433.0
2021-09-17	NASDAQ	15044.0
2021-09-20	DJIA	33970.5
2021-09-20	SP500	4357.7
2021-09-20	NASDAQ	14713.9
2021-09-21	DJIA	33919.8
2021-09-21	SP500	4354.2
2021-09-21	NASDAQ	14746.4
2021-09-22	DJIA	34258.3
2021-09-22	SP500	4395.6
2021-09-22	NASDAQ	14896.8
2021-09-23	DJIA	34764.8
2021-09-23	SP500	4449.0
2021-09-23	NASDAQ	15052.2
2021-09-24	DJIA	34798.0
2021-09-24	SP500	4455.5
2021-09-24	NASDAQ	15047.7
2021-09-27	DJIA	34869.4
2021-09-27	SP500	4443.1
2021-09-27	NASDAQ	14970.0
2021-09-28	DJIA	34300.0
2021-09-28	SP500	4352.6
2021-09-28	NASDAQ	14546.7
2021-09-29	DJIA	34390.7
2021-09-29	SP500	4359.5
2021-09-29	NASDAQ	14512.4
2021-09-30	DJIA	33843.9
2021-09-30	SP500	4307.5
2021-09-30	NASDAQ	14448.6
2021-10-01	DJIA	34326.5
2021-10-01	SP500	4357.0
2021-10-01	NASDAQ	14566.7
2021-10-04	DJIA	34002.9
2021-10-04	SP500	4300.5
2021-10-04	NASDAQ	14255.5
2021-10-05	DJIA	34314.7
2021-10-05	SP500	4345.7
2021-10-05	NASDAQ	14433.8
2021-10-06	DJIA	34417.0
2021-10-06	SP500	4363.5
2021-10-06	NASDAQ	14501.9
2021-10-07	DJIA	34754.9
2021-10-07	SP500	4399.8
2021-10-07	NASDAQ	14654.0
2021-10-08	DJIA	34746.2
2021-10-08	SP500	4391.3
2021-10-08	NASDAQ	14579.5
2021-10-11	DJIA	34496.1
2021-10-11	SP500	4361.2
2021-10-11	NASDAQ	14486.2
2021-10-12	DJIA	34378.3
2021-10-12	SP500	4350.6
2021-10-12	NASDAQ	14465.9
2021-10-13	DJIA	34377.8
2021-10-13	SP500	4363.8
2021-10-13	NASDAQ	14571.6
2021-10-14	DJIA	34912.6
2021-10-14	SP500	4438.3
2021-10-14	NASDAQ	14823.4
2021-10-15	DJIA	35294.8
2021-10-15	SP500	4471.4
2021-10-15	NASDAQ	14897.3
2021-10-18	DJIA	35258.6
2021-10-18	SP500	4486.5
2021-10-18	NASDAQ	15021.8
2021-10-19	DJIA	35457.3
2021-10-19	SP500	4519.6
2021-10-19	NASDAQ	15129.1
2021-10-20	DJIA	35609.3
2021-10-20	SP500	4536.2
2021-10-20	NASDAQ	15121.7
2021-10-21	DJIA	35603.1
2021-10-21	SP500	4549.8
2021-10-21	NASDAQ	15215.7
2021-10-22	DJIA	35677.0
2021-10-22	SP500	4544.9
2021-10-22	NASDAQ	15090.2
2021-10-25	DJIA	35741.1
2021-10-25	SP500	4566.5
2021-10-25	NASDAQ	15226.7
2021-10-26	DJIA	35756.9
2021-10-26	SP500	4574.8
2021-10-26	NASDAQ	15235.7
2021-10-27	DJIA	35490.7
2021-10-27	SP500	4551.7
2021-10-27	NASDAQ	15235.8
2021-10-28	DJIA	35730.5
2021-10-28	SP500	4596.4
2021-10-28	NASDAQ	15448.1
2021-10-29	DJIA	35819.6
2021-10-29	SP500	4605.4
2021-10-29	NASDAQ	15498.4
2021-11-01	DJIA	35913.8
2021-11-01	SP500	4613.7
2021-11-01	NASDAQ	15595.9
2021-11-02	DJIA	36052.6
2021-11-02	SP500	4630.6
2021-11-02	NASDAQ	15649.6
2021-11-03	DJIA	36157.6
2021-11-03	SP500	4660.6
2021-11-03	NASDAQ	15811.6
2021-11-04	DJIA	36124.2
2021-11-04	SP500	4680.1
2021-11-04	NASDAQ	15940.3
2021-11-05	DJIA	36327.9
2021-11-05	SP500	4697.5
2021-11-05	NASDAQ	15971.6
2021-11-08	DJIA	36432.2
2021-11-08	SP500	4701.7
2021-11-08	NASDAQ	15982.4
2021-11-09	DJIA	36320.0
2021-11-09	SP500	4685.2
2021-11-09	NASDAQ	15886.5
2021-11-10	DJIA	36079.9
2021-11-10	SP500	4646.7
2021-11-10	NASDAQ	15622.7
2021-11-11	DJIA	35921.2
2021-11-11	SP500	4649.3
2021-11-11	NASDAQ	15704.3
2021-11-12	DJIA	36100.3
2021-11-12	SP500	4682.9
2021-11-12	NASDAQ	15861.0
2021-11-15	DJIA	36087.4
2021-11-15	SP500	4682.8
2021-11-15	NASDAQ	15853.8
2021-11-16	DJIA	36142.2
2021-11-16	SP500	4700.9
2021-11-16	NASDAQ	15973.9
2021-11-17	DJIA	35931.1
2021-11-17	SP500	4688.7
2021-11-17	NASDAQ	15921.6
2021-11-18	DJIA	35870.9
2021-11-18	SP500	4704.5
2021-11-18	NASDAQ	15993.7
2021-11-19	DJIA	35602.0
2021-11-19	SP500	4698.0
2021-11-19	NASDAQ	16057.4
2021-11-22	DJIA	35619.2
2021-11-22	SP500	4682.9
2021-11-22	NASDAQ	15854.8
2021-11-23	DJIA	35813.8
2021-11-23	SP500	4690.7
2021-11-23	NASDAQ	15775.1
2021-11-24	DJIA	35804.4
2021-11-24	SP500	4701.5
2021-11-24	NASDAQ	15845.2
2021-11-26	DJIA	34899.3
2021-11-26	SP500	4594.6
2021-11-26	NASDAQ	15491.7
2021-11-29	DJIA	35135.9
2021-11-29	SP500	4655.3
2021-11-29	NASDAQ	15782.8
2021-11-30	DJIA	34483.7
2021-11-30	SP500	4567.0
2021-11-30	NASDAQ	15537.7
2021-12-01	DJIA	34022.0
2021-12-01	SP500	4513.0
2021-12-01	NASDAQ	15254.0
2021-12-02	DJIA	34639.8
2021-12-02	SP500	4577.1
2021-12-02	NASDAQ	15381.3
2021-12-03	DJIA	34580.1
2021-12-03	SP500	4538.4
2021-12-03	NASDAQ	15085.5
2021-12-06	DJIA	35227.0
2021-12-06	SP500	4591.7
2021-12-06	NASDAQ	15225.2
2021-12-07	DJIA	35719.4
2021-12-07	SP500	4686.8
2021-12-07	NASDAQ	15686.9
2021-12-08	DJIA	35754.8
2021-12-08	SP500	4701.2
2021-12-08	NASDAQ	15787.0
2021-12-09	DJIA	35754.7
2021-12-09	SP500	4667.5
2021-12-09	NASDAQ	15517.4
2021-12-10	DJIA	35971.0
2021-12-10	SP500	4712.0
2021-12-10	NASDAQ	15630.6
2021-12-13	DJIA	35650.9
2021-12-13	SP500	4669.0
2021-12-13	NASDAQ	15413.3
2021-12-14	DJIA	35544.2
2021-12-14	SP500	4634.1
2021-12-14	NASDAQ	15237.6
2021-12-15	DJIA	35927.4
2021-12-15	SP500	4709.9
2021-12-15	NASDAQ	15565.6
2021-12-16	DJIA	35897.6
2021-12-16	SP500	4668.7
2021-12-16	NASDAQ	15180.4
2021-12-17	DJIA	35365.4
2021-12-17	SP500	4620.6
2021-12-17	NASDAQ	15169.7
2021-12-20	DJIA	34932.2
2021-12-20	SP500	4568.0
2021-12-20	NASDAQ	14980.9
2021-12-21	DJIA	35492.7
2021-12-21	SP500	4649.2
2021-12-21	NASDAQ	15341.1
2021-12-22	DJIA	35753.9
2021-12-22	SP500	4696.6
2021-12-22	NASDAQ	15521.9
2021-12-23	DJIA	35950.6
2021-12-23	SP500	4725.8
2021-12-23	NASDAQ	15653.4
2021-12-27	DJIA	36302.4
2021-12-27	SP500	4791.2
2021-12-27	NASDAQ	15871.3
2021-12-28	DJIA	36398.2
2021-12-28	SP500	4786.4
2021-12-28	NASDAQ	15781.7
2021-12-29	DJIA	36488.6
2021-12-29	SP500	4793.1
2021-12-29	NASDAQ	15766.2
2021-12-30	DJIA	36398.1
2021-12-30	SP500	4778.7
2021-12-30	NASDAQ	15741.6
2021-12-31	DJIA	36338.3
2021-12-31	SP500	4766.2
2021-12-31	NASDAQ	15645.0
2022-01-03	DJIA	36585.1
2022-01-03	SP500	4796.6
2022-01-03	NASDAQ	15832.8
2022-01-04	DJIA	36799.6
2022-01-04	SP500	4793.5
2022-01-04	NASDAQ	15622.7
2022-01-05	DJIA	36407.1
2022-01-05	SP500	4700.6
2022-01-05	NASDAQ	15100.2
2022-01-06	DJIA	36236.5
2022-01-06	SP500	4696.0
2022-01-06	NASDAQ	15080.9
2022-01-07	DJIA	36231.7
2022-01-07	SP500	4677.0
2022-01-07	NASDAQ	14935.9
2022-01-10	DJIA	36068.9
2022-01-10	SP500	4670.3
2022-01-10	NASDAQ	14942.8
2022-01-11	DJIA	36252.0
2022-01-11	SP500	4713.1
2022-01-11	NASDAQ	15153.5
2022-01-12	DJIA	36290.3
2022-01-12	SP500	4726.4
2022-01-12	NASDAQ	15188.4
2022-01-13	DJIA	36113.6
2022-01-13	SP500	4659.0
2022-01-13	NASDAQ	14806.8
2022-01-14	DJIA	35911.8
2022-01-14	SP500	4662.9
2022-01-14	NASDAQ	14893.8
2022-01-18	DJIA	35368.5
2022-01-18	SP500	4577.1
2022-01-18	NASDAQ	14506.9
2022-01-19	DJIA	35028.6
2022-01-19	SP500	4532.8
2022-01-19	NASDAQ	14340.3
2022-01-20	DJIA	34715.4
2022-01-20	SP500	4482.7
2022-01-20	NASDAQ	14154.0
2022-01-21	DJIA	34265.4
2022-01-21	SP500	4397.9
2022-01-21	NASDAQ	13768.9
2022-01-24	DJIA	34364.5
2022-01-24	SP500	4410.1
2022-01-24	NASDAQ	13855.1
2022-01-25	DJIA	34297.7
2022-01-25	SP500	4356.5
2022-01-25	NASDAQ	13539.3
2022-01-26	DJIA	34168.1
2022-01-26	SP500	4349.9
2022-01-26	NASDAQ	13542.1
2022-01-27	DJIA	34160.8
2022-01-27	SP500	4326.5
2022-01-27	NASDAQ	13352.8
2022-01-28	DJIA	34725.5
2022-01-28	SP500	4431.9
2022-01-28	NASDAQ	13770.6
2022-01-31	DJIA	35131.9
2022-01-31	SP500	4515.5
2022-01-31	NASDAQ	14239.9
2022-02-01	DJIA	35405.2
2022-02-01	SP500	4546.5
2022-02-01	NASDAQ	14346.0
2022-02-02	DJIA	35629.3
2022-02-02	SP500	4589.4
2022-02-02	NASDAQ	14417.5
2022-02-03	DJIA	35111.2
2022-02-03	SP500	4477.4
2022-02-03	NASDAQ	13878.8
2022-02-04	DJIA	35089.7
2022-02-04	SP500	4500.5
2022-02-04	NASDAQ	14098.0
2022-02-07	DJIA	35091.1
2022-02-07	SP500	4483.9
2022-02-07	NASDAQ	14015.7
2022-02-08	DJIA	35462.8
2022-02-08	SP500	4521.5
2022-02-08	NASDAQ	14194.5
2022-02-09	DJIA	35768.1
2022-02-09	SP500	4587.2
2022-02-09	NASDAQ	14490.4
2022-02-10	DJIA	35241.6
2022-02-10	SP500	4504.1
2022-02-10	NASDAQ	14185.6
2022-02-11	DJIA	34738.1
2022-02-11	SP500	4418.6
2022-02-11	NASDAQ	13791.2
2022-02-14	DJIA	34566.2
2022-02-14	SP500	4401.7
2022-02-14	NASDAQ	13790.9
2022-02-15	DJIA	34988.8
2022-02-15	SP500	4471.1
2022-02-15	NASDAQ	14139.8
2022-02-16	DJIA	34934.3
2022-02-16	SP500	4475.0
2022-02-16	NASDAQ	14124.1
2022-02-17	DJIA	34312.0
2022-02-17	SP500	4380.3
2022-02-17	NASDAQ	13716.7
2022-02-18	DJIA	34079.2
2022-02-18	SP500	4348.9
2022-02-18	NASDAQ	13548.1
2022-02-22	DJIA	33596.6
2022-02-22	SP500	4304.8
2022-02-22	NASDAQ	13381.5
2022-02-23	DJIA	33131.8
2022-02-23	SP500	4225.5
2022-02-23	NASDAQ	13037.5
2022-02-24	DJIA	33223.8
2022-02-24	SP500	4288.7
2022-02-24	NASDAQ	13473.6
2022-02-25	DJIA	34058.8
2022-02-25	SP500	4384.6
2022-02-25	NASDAQ	13694.6
2022-02-28	DJIA	33892.6
2022-02-28	SP500	4373.9
2022-02-28	NASDAQ	13751.4
2022-03-01	DJIA	33294.9
2022-03-01	SP500	4306.3
2022-03-01	NASDAQ	13532.5
2022-03-02	DJIA	33891.4
2022-03-02	SP500	4386.5
2022-03-02	NASDAQ	13752.0
2022-03-03	DJIA	33794.7
2022-03-03	SP500	4363.5
2022-03-03	NASDAQ	13537.9
2022-03-04	DJIA	33614.8
2022-03-04	SP500	4328.9
2022-03-04	NASDAQ	13313.4
2022-03-07	DJIA	32817.4
2022-03-07	SP500	4201.1
2022-03-07	NASDAQ	12831.0
2022-03-08	DJIA	32632.6
2022-03-08	SP500	4170.7
2022-03-08	NASDAQ	12795.5
2022-03-09	DJIA	33286.2
2022-03-09	SP500	4277.9
2022-03-09	NASDAQ	13255.5
2022-03-10	DJIA	33174.1
2022-03-10	SP500	4259.5
2022-03-10	NASDAQ	13130.0
2022-03-11	DJIA	32944.2
2022-03-11	SP500	4204.3
2022-03-11	NASDAQ	12843.8
2022-03-14	DJIA	32945.2
2022-03-14	SP500	4173.1
2022-03-14	NASDAQ	12581.2
2022-03-15	DJIA	33544.3
2022-03-15	SP500	4262.5
2022-03-15	NASDAQ	12948.6
2022-03-16	DJIA	34063.1
2022-03-16	SP500	4357.9
2022-03-16	NASDAQ	13436.5
2022-03-17	DJIA	34480.8
2022-03-17	SP500	4411.7
2022-03-17	NASDAQ	13614.8
2022-03-18	DJIA	34754.9
2022-03-18	SP500	4463.1
2022-03-18	NASDAQ	13893.8
2022-03-21	DJIA	34553.0
2022-03-21	SP500	4461.2
2022-03-21	NASDAQ	13838.5
2022-03-22	DJIA	34807.5
2022-03-22	SP500	4511.6
2022-03-22	NASDAQ	14108.8
2022-03-23	DJIA	34358.5
2022-03-23	SP500	4456.2
2022-03-23	NASDAQ	13922.6
2022-03-24	DJIA	34707.9
2022-03-24	SP500	4520.2
2022-03-24	NASDAQ	14191.8
2022-03-25	DJIA	34861.2
2022-03-25	SP500	4543.1
2022-03-25	NASDAQ	14169.3
2022-03-28	DJIA	34955.9
2022-03-28	SP500	4575.5
2022-03-28	NASDAQ	14354.9
2022-03-29	DJIA	35294.2
2022-03-29	SP500	4631.6
2022-03-29	NASDAQ	14619.6
2022-03-30	DJIA	35228.8
2022-03-30	SP500	4602.5
2022-03-30	NASDAQ	14442.3
2022-03-31	DJIA	34678.4
2022-03-31	SP500	4530.4
2022-03-31	NASDAQ	14220.5
2022-04-01	DJIA	34818.3
2022-04-01	SP500	4545.9
2022-04-01	NASDAQ	14261.5
2022-04-04	DJIA	34921.9
2022-04-04	SP500	4582.6
2022-04-04	NASDAQ	14532.5
2022-04-05	DJIA	34641.2
2022-04-05	SP500	4525.1
2022-04-05	NASDAQ	14204.2
2022-04-06	DJIA	34496.5
2022-04-06	SP500	4481.1
2022-04-06	NASDAQ	13888.8
2022-04-07	DJIA	34583.6
2022-04-07	SP500	4500.2
2022-04-07	NASDAQ	13897.3
2022-04-08	DJIA	34721.1
2022-04-08	SP500	4488.3
2022-04-08	NASDAQ	13711.0
2022-04-11	DJIA	34308.1
2022-04-11	SP500	4412.5
2022-04-11	NASDAQ	13412.0
2022-04-12	DJIA	34220.4
2022-04-12	SP500	4397.5
2022-04-12	NASDAQ	13371.6
2022-04-13	DJIA	34564.6
2022-04-13	SP500	4446.6
2022-04-13	NASDAQ	13643.6
2022-04-14	DJIA	34451.2
2022-04-14	SP500	4392.6
2022-04-14	NASDAQ	13351.1
2022-04-18	DJIA	34411.7
2022-04-18	SP500	4391.7
2022-04-18	NASDAQ	13332.4
2022-04-19	DJIA	34911.2
2022-04-19	SP500	4462.2
2022-04-19	NASDAQ	13619.7
2022-04-20	DJIA	35160.8
2022-04-20	SP500	4459.5
2022-04-20	NASDAQ	13453.1
2022-04-21	DJIA	34792.8
2022-04-21	SP500	4393.7
2022-04-21	NASDAQ	13174.7
2022-04-22	DJIA	33811.4
2022-04-22	SP500	4271.8
2022-04-22	NASDAQ	12839.3
2022-04-25	DJIA	34049.5
2022-04-25	SP500	4296.1
2022-04-25	NASDAQ	13004.8
2022-04-26	DJIA	33240.2
2022-04-26	SP500	4175.2
2022-04-26	NASDAQ	12490.7
2022-04-27	DJIA	33301.9
2022-04-27	SP500	4184.0
2022-04-27	NASDAQ	12488.9
2022-04-28	DJIA	33916.4
2022-04-28	SP500	4287.5
2022-04-28	NASDAQ	12871.5
2022-04-29	DJIA	32977.2
2022-04-29	SP500	4131.9
2022-04-29	NASDAQ	12334.6
2022-05-02	DJIA	33061.5
2022-05-02	SP500	4155.4
2022-05-02	NASDAQ	12536.0
2022-05-03	DJIA	33128.8
2022-05-03	SP500	4175.5
2022-05-03	NASDAQ	12563.8
2022-05-04	DJIA	34061.1
2022-05-04	SP500	4300.2
2022-05-04	NASDAQ	12964.9
2022-05-05	DJIA	32998.0
2022-05-05	SP500	4146.9
2022-05-05	NASDAQ	12317.7
2022-05-06	DJIA	32899.4
2022-05-06	SP500	4123.3
2022-05-06	NASDAQ	12144.7
2022-05-09	DJIA	32245.7
2022-05-09	SP500	3991.2
2022-05-09	NASDAQ	11623.2
2022-05-10	DJIA	32160.7
2022-05-10	SP500	4001.1
2022-05-10	NASDAQ	11737.7
2022-05-11	DJIA	31834.1
2022-05-11	SP500	3935.2
2022-05-11	NASDAQ	11364.2
2022-05-12	DJIA	31730.3
2022-05-12	SP500	3930.1
2022-05-12	NASDAQ	11371.0
2022-05-13	DJIA	32196.7
2022-05-13	SP500	4023.9
2022-05-13	NASDAQ	11805.0
2022-05-16	DJIA	32223.4
2022-05-16	SP500	4008.0
2022-05-16	NASDAQ	11662.8
2022-05-17	DJIA	32654.6
2022-05-17	SP500	4088.9
2022-05-17	NASDAQ	11984.5
2022-05-18	DJIA	31490.1
2022-05-18	SP500	3923.7
2022-05-18	NASDAQ	11418.2
2022-05-19	DJIA	31253.1
2022-05-19	SP500	3900.8
2022-05-19	NASDAQ	11388.5
2022-05-20	DJIA	31261.9
2022-05-20	SP500	3901.4
2022-05-20	NASDAQ	11354.6
2022-05-23	DJIA	31880.2
2022-05-23	SP500	3973.8
2022-05-23	NASDAQ	11535.3
2022-05-24	DJIA	31928.6
2022-05-24	SP500	3941.5
2022-05-24	NASDAQ	11264.5
2022-05-25	DJIA	32120.3
2022-05-25	SP500	3978.7
2022-05-25	NASDAQ	11434.7
2022-05-26	DJIA	32637.2
2022-05-26	SP500	4057.8
2022-05-26	NASDAQ	11740.7
2022-05-27	DJIA	33213.0
2022-05-27	SP500	4158.2
2022-05-27	NASDAQ	12131.1
2022-05-31	DJIA	32990.1
2022-05-31	SP500	4132.1
2022-05-31	NASDAQ	12081.4
2022-06-01	DJIA	32813.2
2022-06-01	SP500	4101.2
2022-06-01	NASDAQ	11994.5
2022-06-02	DJIA	33248.3
2022-06-02	SP500	4176.8
2022-06-02	NASDAQ	12316.9
2022-06-03	DJIA	32899.7
2022-06-03	SP500	4108.5
2022-06-03	NASDAQ	12012.7
2022-06-06	DJIA	32915.8
2022-06-06	SP500	4121.4
2022-06-06	NASDAQ	12061.4
2022-06-07	DJIA	33180.1
2022-06-07	SP500	4160.7
2022-06-07	NASDAQ	12175.2
2022-06-08	DJIA	32910.9
2022-06-08	SP500	4115.8
2022-06-08	NASDAQ	12086.3
2022-06-09	DJIA	32272.8
2022-06-09	SP500	4017.8
2022-06-09	NASDAQ	11754.2
2022-06-10	DJIA	31392.8
2022-06-10	SP500	3900.9
2022-06-10	NASDAQ	11340.0
2022-06-13	DJIA	30516.7
2022-06-13	SP500	3749.6
2022-06-13	NASDAQ	10809.2
2022-06-14	DJIA	30364.8
2022-06-14	SP500	3735.5
2022-06-14	NASDAQ	10828.3
2022-06-15	DJIA	30668.5
2022-06-15	SP500	3790.0
2022-06-15	NASDAQ	11099.2
2022-06-16	DJIA	29927.1
2022-06-16	SP500	3666.8
2022-06-16	NASDAQ	10646.1
2022-06-17	DJIA	29888.8
2022-06-17	SP500	3674.8
2022-06-17	NASDAQ	10798.3
2022-06-21	DJIA	30530.2
2022-06-21	SP500	3764.8
2022-06-21	NASDAQ	11069.3
2022-06-22	DJIA	30483.1
2022-06-22	SP500	3759.9
2022-06-22	NASDAQ	11053.1
2022-06-23	DJIA	30677.4
2022-06-23	SP500	3795.7
2022-06-23	NASDAQ	11232.2
2022-06-24	DJIA	31500.7
2022-06-24	SP500	3911.7
2022-06-24	NASDAQ	11607.6
2022-06-27	DJIA	31438.3
2022-06-27	SP500	3900.1
2022-06-27	NASDAQ	11524.5
2022-06-28	DJIA	30947.0
2022-06-28	SP500	3821.6
2022-06-28	NASDAQ	11181.5
2022-06-29	DJIA	31029.3
2022-06-29	SP500	3818.8
2022-06-29	NASDAQ	11177.9
2022-06-30	DJIA	30775.4
2022-06-30	SP500	3785.4
2022-06-30	NASDAQ	11028.7
2022-07-01	DJIA	31097.3
2022-07-01	SP500	3825.3
2022-07-01	NASDAQ	11127.8
2022-07-05	DJIA	30967.8
2022-07-05	SP500	3831.4
2022-07-05	NASDAQ	11322.2
2022-07-06	DJIA	31037.7
2022-07-06	SP500	3845.1
2022-07-06	NASDAQ	11361.8
2022-07-07	DJIA	31384.6
2022-07-07	SP500	3902.6
2022-07-07	NASDAQ	11621.3
2022-07-08	DJIA	31338.2
2022-07-08	SP500	3899.4
2022-07-08	NASDAQ	11635.3
2022-07-11	DJIA	31173.8
2022-07-11	SP500	3854.4
2022-07-11	NASDAQ	11372.6
2022-07-12	DJIA	30981.3
2022-07-12	SP500	3818.8
2022-07-12	NASDAQ	11264.7
2022-07-13	DJIA	30772.8
2022-07-13	SP500	3801.8
2022-07-13	NASDAQ	11247.6
2022-07-14	DJIA	30630.2
2022-07-14	SP500	3790.4
2022-07-14	NASDAQ	11251.2
2022-07-15	DJIA	31288.3
2022-07-15	SP500	3863.2
2022-07-15	NASDAQ	11452.4
2022-07-18	DJIA	31072.6
2022-07-18	SP500	3830.9
2022-07-18	NASDAQ	11360.0
2022-07-19	DJIA	31827.1
2022-07-19	SP500	3936.7
2022-07-19	NASDAQ	11713.2
2022-07-20	DJIA	31874.8
2022-07-20	SP500	3959.9
2022-07-20	NASDAQ	11897.7
2022-07-21	DJIA	32036.9
2022-07-21	SP500	3998.9
2022-07-21	NASDAQ	12059.6
2022-07-22	DJIA	31899.3
2022-07-22	SP500	3961.6
2022-07-22	NASDAQ	11834.1
2022-07-25	DJIA	31990.0
2022-07-25	SP500	3966.8
2022-07-25	NASDAQ	11782.7
2022-07-26	DJIA	31761.5
2022-07-26	SP500	3921.1
2022-07-26	NASDAQ	11562.6
2022-07-27	DJIA	32197.6
2022-07-27	SP500	4023.6
2022-07-27	NASDAQ	12032.4
2022-07-28	DJIA	32529.6
2022-07-28	SP500	4072.4
2022-07-28	NASDAQ	12162.6
2022-07-29	DJIA	32845.1
2022-07-29	SP500	4130.3
2022-07-29	NASDAQ	12390.7
2022-08-01	DJIA	32798.4
2022-08-01	SP500	4118.6
2022-08-01	NASDAQ	12369.0
2022-08-02	DJIA	32396.2
2022-08-02	SP500	4091.2
2022-08-02	NASDAQ	12348.8
2022-08-03	DJIA	32812.5
2022-08-03	SP500	4155.2
2022-08-03	NASDAQ	12668.2
2022-08-04	DJIA	32726.8
2022-08-04	SP500	4151.9
2022-08-04	NASDAQ	12720.6
2022-08-05	DJIA	32803.5
2022-08-05	SP500	4145.2
2022-08-05	NASDAQ	12657.5
2022-08-08	DJIA	32832.5
2022-08-08	SP500	4140.1
2022-08-08	NASDAQ	12644.5
2022-08-09	DJIA	32774.4
2022-08-09	SP500	4122.5
2022-08-09	NASDAQ	12493.9
2022-08-10	DJIA	33309.5
2022-08-10	SP500	4210.2
2022-08-10	NASDAQ	12854.8
2022-08-11	DJIA	33336.7
2022-08-11	SP500	4207.3
2022-08-11	NASDAQ	12779.9
2022-08-12	DJIA	33761.1
2022-08-12	SP500	4280.1
2022-08-12	NASDAQ	13047.2
2022-08-15	DJIA	33912.4
2022-08-15	SP500	4297.1
2022-08-15	NASDAQ	13128.0
2022-08-16	DJIA	34152.0
2022-08-16	SP500	4305.2
2022-08-16	NASDAQ	13102.5
2022-08-17	DJIA	33980.3
2022-08-17	SP500	4274.0
2022-08-17	NASDAQ	12938.1
2022-08-18	DJIA	33999.0
2022-08-18	SP500	4283.7
2022-08-18	NASDAQ	12965.3
2022-08-19	DJIA	33706.7
2022-08-19	SP500	4228.5
2022-08-19	NASDAQ	12705.2
2022-08-22	DJIA	33063.6
2022-08-22	SP500	4138.0
2022-08-22	NASDAQ	12381.6
2022-08-23	DJIA	32909.6
2022-08-23	SP500	4128.7
2022-08-23	NASDAQ	12381.3
2022-08-24	DJIA	32969.2
2022-08-24	SP500	4140.8
2022-08-24	NASDAQ	12431.5
2022-08-25	DJIA	33291.8
2022-08-25	SP500	4199.1
2022-08-25	NASDAQ	12639.3
2022-08-26	DJIA	32283.4
2022-08-26	SP500	4057.7
2022-08-26	NASDAQ	12141.7
2022-08-29	DJIA	32099.0
2022-08-29	SP500	4030.6
2022-08-29	NASDAQ	12017.7
2022-08-30	DJIA	31790.9
2022-08-30	SP500	3986.2
2022-08-30	NASDAQ	11883.1
2022-08-31	DJIA	31510.4
2022-08-31	SP500	3955.0
2022-08-31	NASDAQ	11816.2
2022-09-01	DJIA	31656.4
2022-09-01	SP500	3966.9
2022-09-01	NASDAQ	11785.1
2022-09-02	DJIA	31318.4
2022-09-02	SP500	3924.3
2022-09-02	NASDAQ	11630.9
2022-09-06	DJIA	31145.3
2022-09-06	SP500	3908.2
2022-09-06	NASDAQ	11544.9
2022-09-07	DJIA	31581.3
2022-09-07	SP500	3979.9
2022-09-07	NASDAQ	11791.9
2022-09-08	DJIA	31774.5
2022-09-08	SP500	4006.2
2022-09-08	NASDAQ	11862.1
2022-09-09	DJIA	32151.7
2022-09-09	SP500	4067.4
2022-09-09	NASDAQ	12112.3
2022-09-12	DJIA	32381.3
2022-09-12	SP500	4110.4
2022-09-12	NASDAQ	12266.4
2022-09-13	DJIA	31105.0
2022-09-13	SP500	3932.7
2022-09-13	NASDAQ	11633.6
2022-09-14	DJIA	31135.1
2022-09-14	SP500	3946.0
2022-09-14	NASDAQ	11719.7
2022-09-15	DJIA	30961.8
2022-09-15	SP500	3901.4
2022-09-15	NASDAQ	11552.4
2022-09-16	DJIA	30822.4
2022-09-16	SP500	3873.3
2022-09-16	NASDAQ	11448.4
2022-09-19	DJIA	31019.7
2022-09-19	SP500	3899.9
2022-09-19	NASDAQ	11535.0
2022-09-20	DJIA	30706.2
2022-09-20	SP500	3855.9
2022-09-20	NASDAQ	11425.0
2022-09-21	DJIA	30183.8
2022-09-21	SP500	3789.9
2022-09-21	NASDAQ	11220.2
2022-09-22	DJIA	30076.7
2022-09-22	SP500	3758.0
2022-09-22	NASDAQ	11066.8
2022-09-23	DJIA	29590.4
2022-09-23	SP500	3693.2
2022-09-23	NASDAQ	10867.9
2022-09-26	DJIA	29260.8
2022-09-26	SP500	3655.0
2022-09-26	NASDAQ	10802.9
2022-09-27	DJIA	29135.0
2022-09-27	SP500	3647.3
2022-09-27	NASDAQ	10829.5
2022-09-28	DJIA	29683.7
2022-09-28	SP500	3719.0
2022-09-28	NASDAQ	11051.6
2022-09-29	DJIA	29225.6
2022-09-29	SP500	3640.5
2022-09-29	NASDAQ	10737.5
2022-09-30	DJIA	28725.5
2022-09-30	SP500	3585.6
2022-09-30	NASDAQ	10575.6
2022-10-03	DJIA	29490.9
2022-10-03	SP500	3678.4
2022-10-03	NASDAQ	10815.4
2022-10-04	DJIA	30316.3
2022-10-04	SP500	3790.9
2022-10-04	NASDAQ	11176.4
2022-10-05	DJIA	30273.9
2022-10-05	SP500	3783.3
2022-10-05	NASDAQ	11148.6
2022-10-06	DJIA	29926.9
2022-10-06	SP500	3744.5
2022-10-06	NASDAQ	11073.3
2022-10-07	DJIA	29296.8
2022-10-07	SP500	3639.7
2022-10-07	NASDAQ	10652.4
2022-10-10	DJIA	29202.9
2022-10-10	SP500	3612.4
2022-10-10	NASDAQ	10542.1
2022-10-11	DJIA	29239.2
2022-10-11	SP500	3588.8
2022-10-11	NASDAQ	10426.2
2022-10-12	DJIA	29210.8
2022-10-12	SP500	3577.0
2022-10-12	NASDAQ	10417.1
2022-10-13	DJIA	30038.7
2022-10-13	SP500	3669.9
2022-10-13	NASDAQ	10649.2
2022-10-14	DJIA	29634.8
2022-10-14	SP500	3583.1
2022-10-14	NASDAQ	10321.4
2022-10-17	DJIA	30185.8
2022-10-17	SP500	3677.9
2022-10-17	NASDAQ	10675.8
2022-10-18	DJIA	30523.8
2022-10-18	SP500	3720.0
2022-10-18	NASDAQ	10772.4
2022-10-19	DJIA	30423.8
2022-10-19	SP500	3695.2
2022-10-19	NASDAQ	10680.5
2022-10-20	DJIA	30333.6
2022-10-20	SP500	3665.8
2022-10-20	NASDAQ	10614.8
2022-10-21	DJIA	31082.6
2022-10-21	SP500	3752.8
2022-10-21	NASDAQ	10859.7
2022-10-24	DJIA	31499.6
2022-10-24	SP500	3797.3
2022-10-24	NASDAQ	10952.6
2022-10-25	DJIA	31836.7
2022-10-25	SP500	3859.1
2022-10-25	NASDAQ	11199.1
2022-10-26	DJIA	31839.1
2022-10-26	SP500	3830.6
2022-10-26	NASDAQ	10971.0
2022-10-27	DJIA	32033.3
2022-10-27	SP500	3807.3
2022-10-27	NASDAQ	10792.7
2022-10-28	DJIA	32861.8
2022-10-28	SP500	3901.1
2022-10-28	NASDAQ	11102.5
2022-10-31	DJIA	32732.9
2022-10-31	SP500	3872.0
2022-10-31	NASDAQ	10988.2
2022-11-01	DJIA	32653.2
2022-11-01	SP500	3856.1
2022-11-01	NASDAQ	10890.8
2022-11-02	DJIA	32147.8
2022-11-02	SP500	3759.7
2022-11-02	NASDAQ	10524.8
2022-11-03	DJIA	32001.2
2022-11-03	SP500	3719.9
2022-11-03	NASDAQ	10342.9
2022-11-04	DJIA	32403.2
2022-11-04	SP500	3770.6
2022-11-04	NASDAQ	10475.2
2022-11-07	DJIA	32827.0
2022-11-07	SP500	3806.8
2022-11-07	NASDAQ	10564.5
2022-11-08	DJIA	33160.8
2022-11-08	SP500	3828.1
2022-11-08	NASDAQ	10616.2
2022-11-09	DJIA	32513.9
2022-11-09	SP500	3748.6
2022-11-09	NASDAQ	10353.2
2022-11-10	DJIA	33715.4
2022-11-10	SP500	3956.4
2022-11-10	NASDAQ	11114.2
2022-11-11	DJIA	33747.9
2022-11-11	SP500	3992.9
2022-11-11	NASDAQ	11323.3
2022-11-14	DJIA	33536.7
2022-11-14	SP500	3957.2
2022-11-14	NASDAQ	11196.2
2022-11-15	DJIA	33592.9
2022-11-15	SP500	3991.7
2022-11-15	NASDAQ	11358.4
2022-11-16	DJIA	33553.8
2022-11-16	SP500	3958.8
2022-11-16	NASDAQ	11183.7
2022-11-17	DJIA	33546.3
2022-11-17	SP500	3946.6
2022-11-17	NASDAQ	11145.0
2022-11-18	DJIA	33745.7
2022-11-18	SP500	3965.3
2022-11-18	NASDAQ	11146.1
2022-11-21	DJIA	33700.3
2022-11-21	SP500	3949.9
2022-11-21	NASDAQ	11024.5
2022-11-22	DJIA	34098.1
2022-11-22	SP500	4003.6
2022-11-22	NASDAQ	11174.4
2022-11-23	DJIA	34194.1
2022-11-23	SP500	4027.3
2022-11-23	NASDAQ	11285.3
2022-11-25	DJIA	34347.0
2022-11-25	SP500	4026.1
2022-11-25	NASDAQ	11226.4
2022-11-28	DJIA	33849.5
2022-11-28	SP500	3963.9
2022-11-28	NASDAQ	11049.5
2022-11-29	DJIA	33852.5
2022-11-29	SP500	3957.6
2022-11-29	NASDAQ	10983.8
2022-11-30	DJIA	34589.8
2022-11-30	SP500	4080.1
2022-11-30	NASDAQ	11468.0
2022-12-01	DJIA	34395.0
2022-12-01	SP500	4076.6
2022-12-01	NASDAQ	11482.5
2022-12-02	DJIA	34429.9
2022-12-02	SP500	4071.7
2022-12-02	NASDAQ	11461.5
2022-12-05	DJIA	33947.1
2022-12-05	SP500	3998.8
2022-12-05	NASDAQ	11239.9
2022-12-06	DJIA	33596.3
2022-12-06	SP500	3941.3
2022-12-06	NASDAQ	11014.9
2022-12-07	DJIA	33597.9
2022-12-07	SP500	3933.9
2022-12-07	NASDAQ	10958.5
2022-12-08	DJIA	33781.5
2022-12-08	SP500	3963.5
2022-12-08	NASDAQ	11082.0
2022-12-09	DJIA	33476.5
2022-12-09	SP500	3934.4
2022-12-09	NASDAQ	11004.6
2022-12-12	DJIA	34005.0
2022-12-12	SP500	3990.6
2022-12-12	NASDAQ	11143.7
2022-12-13	DJIA	34108.6
2022-12-13	SP500	4019.6
2022-12-13	NASDAQ	11256.8
2022-12-14	DJIA	33966.4
2022-12-14	SP500	3995.3
2022-12-14	NASDAQ	11170.9
2022-12-15	DJIA	33202.2
2022-12-15	SP500	3895.8
2022-12-15	NASDAQ	10810.5
2022-12-16	DJIA	32920.5
2022-12-16	SP500	3852.4
2022-12-16	NASDAQ	10705.4
2022-12-19	DJIA	32757.5
2022-12-19	SP500	3817.7
2022-12-19	NASDAQ	10546.0
2022-12-20	DJIA	32849.7
2022-12-20	SP500	3821.6
2022-12-20	NASDAQ	10547.1
2022-12-21	DJIA	33376.5
2022-12-21	SP500	3878.4
2022-12-21	NASDAQ	10709.4
2022-12-22	DJIA	33027.5
2022-12-22	SP500	3822.4
2022-12-22	NASDAQ	10476.1
2022-12-23	DJIA	33203.9
2022-12-23	SP500	3844.8
2022-12-23	NASDAQ	10497.9
2022-12-27	DJIA	33241.6
2022-12-27	SP500	3829.2
2022-12-27	NASDAQ	10353.2
2022-12-28	DJIA	32875.7
2022-12-28	SP500	3783.2
2022-12-28	NASDAQ	10213.3
2022-12-29	DJIA	33220.8
2022-12-29	SP500	3849.3
2022-12-29	NASDAQ	10478.1
2022-12-30	DJIA	33147.2
2022-12-30	SP500	3839.5
2022-12-30	NASDAQ	10466.5
2023-01-03	DJIA	33136.4
2023-01-03	SP500	3824.1
2023-01-03	NASDAQ	10387.0
2023-01-04	DJIA	33269.8
2023-01-04	SP500	3853.0
2023-01-04	NASDAQ	10458.8
2023-01-05	DJIA	32930.1
2023-01-05	SP500	3808.1
2023-01-05	NASDAQ	10305.2
2023-01-06	DJIA	33630.6
2023-01-06	SP500	3895.1
2023-01-06	NASDAQ	10569.3
2023-01-09	DJIA	33517.6
2023-01-09	SP500	3892.1
2023-01-09	NASDAQ	10635.7
2023-01-10	DJIA	33704.1
2023-01-10	SP500	3919.2
2023-01-10	NASDAQ	10742.6
2023-01-11	DJIA	33973.0
2023-01-11	SP500	3969.6
2023-01-11	NASDAQ	10931.7
2023-01-12	DJIA	34190.0
2023-01-12	SP500	3983.2
2023-01-12	NASDAQ	11001.1
2023-01-13	DJIA	34302.6
2023-01-13	SP500	3999.1
2023-01-13	NASDAQ	11079.2
2023-01-17	DJIA	33910.9
2023-01-17	SP500	3991.0
2023-01-17	NASDAQ	11095.1
2023-01-18	DJIA	33297.0
2023-01-18	SP500	3928.9
2023-01-18	NASDAQ	10957.0
2023-01-19	DJIA	33044.6
2023-01-19	SP500	3898.9
2023-01-19	NASDAQ	10852.3
2023-01-20	DJIA	33375.5
2023-01-20	SP500	3972.6
2023-01-20	NASDAQ	11140.4
2023-01-23	DJIA	33629.6
2023-01-23	SP500	4019.8
2023-01-23	NASDAQ	11364.4
2023-01-24	DJIA	33734.0
2023-01-24	SP500	4016.9
2023-01-24	NASDAQ	11334.3
2023-01-25	DJIA	33743.8
2023-01-25	SP500	4016.2
2023-01-25	NASDAQ	11313.4
2023-01-26	DJIA	33949.4
2023-01-26	SP500	4060.4
2023-01-26	NASDAQ	11512.4
2023-01-27	DJIA	33978.1
2023-01-27	SP500	4070.6
2023-01-27	NASDAQ	11621.7
2023-01-30	DJIA	33717.1
2023-01-30	SP500	4017.8
2023-01-30	NASDAQ	11393.8
2023-01-31	DJIA	34086.0
2023-01-31	SP500	4076.6
2023-01-31	NASDAQ	11584.5
2023-02-01	DJIA	34093.0
2023-02-01	SP500	4119.2
2023-02-01	NASDAQ	11816.3
2023-02-02	DJIA	34053.9
2023-02-02	SP500	4179.8
2023-02-02	NASDAQ	12200.8
2023-02-03	DJIA	33926.0
2023-02-03	SP500	4136.5
2023-02-03	NASDAQ	12007.0
2023-02-06	DJIA	33891.0
2023-02-06	SP500	4111.1
2023-02-06	NASDAQ	11887.5
2023-02-07	DJIA	34156.7
2023-02-07	SP500	4164.0
2023-02-07	NASDAQ	12113.8
2023-02-08	DJIA	33949.0
2023-02-08	SP500	4117.9
2023-02-08	NASDAQ	11910.5
2023-02-09	DJIA	33699.9
2023-02-09	SP500	4081.5
2023-02-09	NASDAQ	11789.6
2023-02-10	DJIA	33869.3
2023-02-10	SP500	4090.5
2023-02-10	NASDAQ	11718.1
2023-02-13	DJIA	34245.9
2023-02-13	SP500	4137.3
2023-02-13	NASDAQ	11891.8
2023-02-14	DJIA	34089.3
2023-02-14	SP500	4136.1
2023-02-14	NASDAQ	11960.2
2023-02-15	DJIA	34128.1
2023-02-15	SP500	4147.6
2023-02-15	NASDAQ	12070.6
2023-02-16	DJIA	33696.9
2023-02-16	SP500	4090.4
2023-02-16	NASDAQ	11855.8
2023-02-17	DJIA	33826.7
2023-02-17	SP500	4079.1
2023-02-17	NASDAQ	11787.3
2023-02-21	DJIA	33129.6
2023-02-21	SP500	3997.3
2023-02-21	NASDAQ	11492.3
2023-02-22	DJIA	33045.1
2023-02-22	SP500	3991.1
2023-02-22	NASDAQ	11507.1
2023-02-23	DJIA	33153.9
2023-02-23	SP500	4012.3
2023-02-23	NASDAQ	11590.4
2023-02-24	DJIA	32816.9
2023-02-24	SP500	3970.0
2023-02-24	NASDAQ	11394.9
2023-02-27	DJIA	32889.1
2023-02-27	SP500	3982.2
2023-02-27	NASDAQ	11467.0
2023-02-28	DJIA	32656.7
2023-02-28	SP500	3970.1
2023-02-28	NASDAQ	11455.5
2023-03-01	DJIA	32661.8
2023-03-01	SP500	3951.4
2023-03-01	NASDAQ	11379.5
2023-03-02	DJIA	33003.6
2023-03-02	SP500	3981.4
2023-03-02	NASDAQ	11463.0
2023-03-03	DJIA	33391.0
2023-03-03	SP500	4045.6
2023-03-03	NASDAQ	11689.0
2023-03-06	DJIA	33431.4
2023-03-06	SP500	4048.4
2023-03-06	NASDAQ	11675.7
2023-03-07	DJIA	32856.5
2023-03-07	SP500	3986.4
2023-03-07	NASDAQ	11530.3
2023-03-08	DJIA	32798.4
2023-03-08	SP500	3992.0
2023-03-08	NASDAQ	11576.0
2023-03-09	DJIA	32254.9
2023-03-09	SP500	3918.3
2023-03-09	NASDAQ	11338.3
2023-03-10	DJIA	31909.6
2023-03-10	SP500	3861.6
2023-03-10	NASDAQ	11138.9
2023-03-13	DJIA	31819.1
2023-03-13	SP500	3855.8
2023-03-13	NASDAQ	11188.8
2023-03-14	DJIA	32155.4
2023-03-14	SP500	3919.3
2023-03-14	NASDAQ	11428.2
2023-03-15	DJIA	31874.6
2023-03-15	SP500	3891.9
2023-03-15	NASDAQ	11434.0
2023-03-16	DJIA	32246.6
2023-03-16	SP500	3960.3
2023-03-16	NASDAQ	11717.3
2023-03-17	DJIA	31862.0
2023-03-17	SP500	3916.6
2023-03-17	NASDAQ	11630.5
2023-03-20	DJIA	32244.6
2023-03-20	SP500	3951.6
2023-03-20	NASDAQ	11675.5
2023-03-21	DJIA	32560.6
2023-03-21	SP500	4002.9
2023-03-21	NASDAQ	11860.1
2023-03-22	DJIA	32030.1
2023-03-22	SP500	3937.0
2023-03-22	NASDAQ	11670.0
2023-03-23	DJIA	32105.2
2023-03-23	SP500	3948.7
2023-03-23	NASDAQ	11787.4
2023-03-24	DJIA	32237.5
2023-03-24	SP500	3971.0
2023-03-24	NASDAQ	11824.0
2023-03-27	DJIA	32432.1
2023-03-27	SP500	3977.5
2023-03-27	NASDAQ	11768.8
2023-03-28	DJIA	32394.2
2023-03-28	SP500	3971.3
2023-03-28	NASDAQ	11716.1
2023-03-29	DJIA	32717.6
2023-03-29	SP500	4027.8
2023-03-29	NASDAQ	11926.2
2023-03-30	DJIA	32859.0
2023-03-30	SP500	4050.8
2023-03-30	NASDAQ	12013.5
2023-03-31	DJIA	33274.1
2023-03-31	SP500	4109.3
2023-03-31	NASDAQ	12221.9
2023-04-03	DJIA	33601.1
2023-04-03	SP500	4124.5
2023-04-03	NASDAQ	12189.5
2023-04-04	DJIA	33402.4
2023-04-04	SP500	4100.6
2023-04-04	NASDAQ	12126.3
2023-04-05	DJIA	33482.7
2023-04-05	SP500	4090.4
2023-04-05	NASDAQ	11996.9
2023-04-06	DJIA	33485.3
2023-04-06	SP500	4105.0
2023-04-06	NASDAQ	12088.0
2023-04-10	DJIA	33586.5
2023-04-10	SP500	4109.1
2023-04-10	NASDAQ	12084.4
2023-04-11	DJIA	33684.8
2023-04-11	SP500	4108.9
2023-04-11	NASDAQ	12031.9
2023-04-12	DJIA	33646.5
2023-04-12	SP500	4091.9
2023-04-12	NASDAQ	11929.3
2023-04-13	DJIA	34029.7
2023-04-13	SP500	4146.2
2023-04-13	NASDAQ	12166.3
2023-04-14	DJIA	33886.5
2023-04-14	SP500	4137.6
2023-04-14	NASDAQ	12123.5
2023-04-17	DJIA	33987.2
2023-04-17	SP500	4151.3
2023-04-17	NASDAQ	12157.7
2023-04-18	DJIA	33976.6
2023-04-18	SP500	4154.9
2023-04-18	NASDAQ	12153.4
2023-04-19	DJIA	33897.0
2023-04-19	SP500	4154.5
2023-04-19	NASDAQ	12157.2
2023-04-20	DJIA	33786.6
2023-04-20	SP500	4129.8
2023-04-20	NASDAQ	12059.6
2023-04-21	DJIA	33809.0
2023-04-21	SP500	4133.5
2023-04-21	NASDAQ	12072.5
2023-04-24	DJIA	33875.4
2023-04-24	SP500	4137.0
2023-04-24	NASDAQ	12037.2
2023-04-25	DJIA	33530.8
2023-04-25	SP500	4071.6
2023-04-25	NASDAQ	11799.2
2023-04-26	DJIA	33301.9
2023-04-26	SP500	4056.0
2023-04-26	NASDAQ	11854.3
2023-04-27	DJIA	33826.2
2023-04-27	SP500	4135.4
2023-04-27	NASDAQ	12142.2
2023-04-28	DJIA	34098.2
2023-04-28	SP500	4169.5
2023-04-28	NASDAQ	12226.6
2023-05-01	DJIA	34051.7
2023-05-01	SP500	4167.9
2023-05-01	NASDAQ	12212.6
2023-05-02	DJIA	33684.5
2023-05-02	SP500	4119.6
2023-05-02	NASDAQ	12080.5
2023-05-03	DJIA	33414.2
2023-05-03	SP500	4090.8
2023-05-03	NASDAQ	12025.3
2023-05-04	DJIA	33127.7
2023-05-04	SP500	4061.2
2023-05-04	NASDAQ	11966.4
2023-05-05	DJIA	33674.4
2023-05-05	SP500	4136.2
2023-05-05	NASDAQ	12235.4
2023-05-08	DJIA	33618.7
2023-05-08	SP500	4138.1
2023-05-08	NASDAQ	12256.9
2023-05-09	DJIA	33561.8
2023-05-09	SP500	4119.2
2023-05-09	NASDAQ	12179.5
2023-05-10	DJIA	33531.3
2023-05-10	SP500	4137.6
2023-05-10	NASDAQ	12306.4
2023-05-11	DJIA	33309.5
2023-05-11	SP500	4130.6
2023-05-11	NASDAQ	12328.5
2023-05-12	DJIA	33300.6
2023-05-12	SP500	4124.1
2023-05-12	NASDAQ	12284.7
2023-05-15	DJIA	33348.6
2023-05-15	SP500	4136.3
2023-05-15	NASDAQ	12365.2
2023-05-16	DJIA	33012.1
2023-05-16	SP500	4109.9
2023-05-16	NASDAQ	12343.0
2023-05-17	DJIA	33420.8
2023-05-17	SP500	4158.8
2023-05-17	NASDAQ	12500.6
2023-05-18	DJIA	33535.9
2023-05-18	SP500	4198.0
2023-05-18	NASDAQ	12688.8
2023-05-19	DJIA	33426.6
2023-05-19	SP500	4192.0
2023-05-19	NASDAQ	12657.9
2023-05-22	DJIA	33286.6
2023-05-22	SP500	4192.6
2023-05-22	NASDAQ	12720.8
2023-05-23	DJIA	33055.5
2023-05-23	SP500	4145.6
2023-05-23	NASDAQ	12560.2
2023-05-24	DJIA	32799.9
2023-05-24	SP500	4115.2
2023-05-24	NASDAQ	12484.2
2023-05-25	DJIA	32764.7
2023-05-25	SP500	4151.3
2023-05-25	NASDAQ	12698.1
2023-05-26	DJIA	33093.3
2023-05-26	SP500	4205.5
2023-05-26	NASDAQ	12975.7
2023-05-30	DJIA	33042.8
2023-05-30	SP500	4205.5
2023-05-30	NASDAQ	13017.4
2023-05-31	DJIA	32908.3
2023-05-31	SP500	4179.8
2023-05-31	NASDAQ	12935.3
2023-06-01	DJIA	33061.6
2023-06-01	SP500	4221.0
2023-06-01	NASDAQ	13101.0
2023-06-02	DJIA	33762.8
2023-06-02	SP500	4282.4
2023-06-02	NASDAQ	13240.8
2023-06-05	DJIA	33562.9
2023-06-05	SP500	4273.8
2023-06-05	NASDAQ	13229.4
2023-06-06	DJIA	33573.3
2023-06-06	SP500	4283.9
2023-06-06	NASDAQ	13276.4
2023-06-07	DJIA	33665.0
2023-06-07	SP500	4267.5
2023-06-07	NASDAQ	13104.9
2023-06-08	DJIA	33833.6
2023-06-08	SP500	4293.9
2023-06-08	NASDAQ	13238.5
2023-06-09	DJIA	33876.8
2023-06-09	SP500	4298.9
2023-06-09	NASDAQ	13259.1
2023-06-12	DJIA	34066.3
2023-06-12	SP500	4338.9
2023-06-12	NASDAQ	13461.9
2023-06-13	DJIA	34212.1
2023-06-13	SP500	4369.0
2023-06-13	NASDAQ	13573.3
2023-06-14	DJIA	33979.3
2023-06-14	SP500	4372.6
2023-06-14	NASDAQ	13626.5
2023-06-15	DJIA	34408.1
2023-06-15	SP500	4425.8
2023-06-15	NASDAQ	13782.8
2023-06-16	DJIA	34299.1
2023-06-16	SP500	4409.6
2023-06-16	NASDAQ	13689.6
2023-06-20	DJIA	34053.9
2023-06-20	SP500	4388.7
2023-06-20	NASDAQ	13667.3
2023-06-21	DJIA	33951.5
2023-06-21	SP500	4365.7
2023-06-21	NASDAQ	13502.2
2023-06-22	DJIA	33946.7
2023-06-22	SP500	4381.9
2023-06-22	NASDAQ	13630.6
2023-06-23	DJIA	33727.4
2023-06-23	SP500	4348.3
2023-06-23	NASDAQ	13492.5
2023-06-26	DJIA	33714.7
2023-06-26	SP500	4328.8
2023-06-26	NASDAQ	13335.8
2023-06-27	DJIA	33926.7
2023-06-27	SP500	4378.4
2023-06-27	NASDAQ	13555.7
2023-06-28	DJIA	33852.7
2023-06-28	SP500	4376.9
2023-06-28	NASDAQ	13591.8
2023-06-29	DJIA	34122.4
2023-06-29	SP500	4396.4
2023-06-29	NASDAQ	13591.3
2023-06-30	DJIA	34407.6
2023-06-30	SP500	4450.4
2023-06-30	NASDAQ	13787.9
2023-07-03	DJIA	34418.5
2023-07-03	SP500	4455.6
2023-07-03	NASDAQ	13816.8
2023-07-05	DJIA	34288.6
2023-07-05	SP500	4446.8
2023-07-05	NASDAQ	13791.7
2023-07-06	DJIA	33922.3
2023-07-06	SP500	4411.6
2023-07-06	NASDAQ	13679.0
2023-07-07	DJIA	33734.9
2023-07-07	SP500	4399.0
2023-07-07	NASDAQ	13660.7
2023-07-10	DJIA	33944.4
2023-07-10	SP500	4409.5
2023-07-10	NASDAQ	13685.5
2023-07-11	DJIA	34261.4
2023-07-11	SP500	4439.3
2023-07-11	NASDAQ	13760.7
2023-07-12	DJIA	34347.4
2023-07-12	SP500	4472.2
2023-07-12	NASDAQ	13919.0
2023-07-13	DJIA	34395.1
2023-07-13	SP500	4510.0
2023-07-13	NASDAQ	14138.6
2023-07-14	DJIA	34509.0
2023-07-14	SP500	4505.4
2023-07-14	NASDAQ	14113.7
2023-07-17	DJIA	34585.4
2023-07-17	SP500	4522.8
2023-07-17	NASDAQ	14245.0
2023-07-18	DJIA	34951.9
2023-07-18	SP500	4555.0
2023-07-18	NASDAQ	14353.6
2023-07-19	DJIA	35061.2
2023-07-19	SP500	4565.7
2023-07-19	NASDAQ	14358.0
2023-07-20	DJIA	35225.2
2023-07-20	SP500	4534.9
2023-07-20	NASDAQ	14063.3
2023-07-21	DJIA	35227.7
2023-07-21	SP500	4536.3
2023-07-21	NASDAQ	14032.8
2023-07-24	DJIA	35411.2
2023-07-24	SP500	4554.6
2023-07-24	NASDAQ	14058.9
2023-07-25	DJIA	35438.1
2023-07-25	SP500	4567.5
2023-07-25	NASDAQ	14144.6
2023-07-26	DJIA	35520.1
2023-07-26	SP500	4566.8
2023-07-26	NASDAQ	14127.3
2023-07-27	DJIA	35282.7
2023-07-27	SP500	4537.4
2023-07-27	NASDAQ	14050.1
2023-07-28	DJIA	35459.3
2023-07-28	SP500	4582.2
2023-07-28	NASDAQ	14316.7
2023-07-31	DJIA	35559.5
2023-07-31	SP500	4589.0
2023-07-31	NASDAQ	14346.0
2023-08-01	DJIA	35630.7
2023-08-01	SP500	4576.7
2023-08-01	NASDAQ	14283.9
2023-08-02	DJIA	35282.5
2023-08-02	SP500	4513.4
2023-08-02	NASDAQ	13973.5
2023-08-03	DJIA	35215.9
2023-08-03	SP500	4501.9
2023-08-03	NASDAQ	13959.7
2023-08-04	DJIA	35065.6
2023-08-04	SP500	4478.0
2023-08-04	NASDAQ	13909.2
2023-08-07	DJIA	35473.1
2023-08-07	SP500	4518.4
2023-08-07	NASDAQ	13994.4
2023-08-08	DJIA	35314.5
2023-08-08	SP500	4499.4
2023-08-08	NASDAQ	13884.3
2023-08-09	DJIA	35123.4
2023-08-09	SP500	4467.7
2023-08-09	NASDAQ	13722.0
2023-08-10	DJIA	35176.1
2023-08-10	SP500	4468.8
2023-08-10	NASDAQ	13738.0
2023-08-11	DJIA	35281.4
2023-08-11	SP500	4464.0
2023-08-11	NASDAQ	13644.8
2023-08-14	DJIA	35307.6
2023-08-14	SP500	4489.7
2023-08-14	NASDAQ	13788.3
2023-08-15	DJIA	34946.4
2023-08-15	SP500	4437.9
2023-08-15	NASDAQ	13631.0
2023-08-16	DJIA	34765.7
2023-08-16	SP500	4404.3
2023-08-16	NASDAQ	13474.6
2023-08-17	DJIA	34474.8
2023-08-17	SP500	4370.4
2023-08-17	NASDAQ	13316.9
2023-08-18	DJIA	34500.7
2023-08-18	SP500	4369.7
2023-08-18	NASDAQ	13290.8
2023-08-21	DJIA	34463.7
2023-08-21	SP500	4399.8
2023-08-21	NASDAQ	13497.6
2023-08-22	DJIA	34288.8
2023-08-22	SP500	4387.5
2023-08-22	NASDAQ	13505.9
2023-08-23	DJIA	34473.0
2023-08-23	SP500	4436.0
2023-08-23	NASDAQ	13721.0
2023-08-24	DJIA	34099.4
2023-08-24	SP500	4376.3
2023-08-24	NASDAQ	13464.0
2023-08-25	DJIA	34346.9
2023-08-25	SP500	4405.7
2023-08-25	NASDAQ	13590.7
2023-08-28	DJIA	34560.0
2023-08-28	SP500	4433.3
2023-08-28	NASDAQ	13705.1
2023-08-29	DJIA	34852.7
2023-08-29	SP500	4497.6
2023-08-29	NASDAQ	13943.8
2023-08-30	DJIA	34890.2
2023-08-30	SP500	4514.9
2023-08-30	NASDAQ	14019.3
2023-08-31	DJIA	34721.9
2023-08-31	SP500	4507.7
2023-08-31	NASDAQ	14035.0
2023-09-01	DJIA	34837.7
2023-09-01	SP500	4515.8
2023-09-01	NASDAQ	14031.8
2023-09-05	DJIA	34642.0
2023-09-05	SP500	4496.8
2023-09-05	NASDAQ	14021.0
2023-09-06	DJIA	34443.2
2023-09-06	SP500	4465.5
2023-09-06	NASDAQ	13872.5
2023-09-07	DJIA	34500.7
2023-09-07	SP500	4451.1
2023-09-07	NASDAQ	13748.8
2023-09-08	DJIA	34576.6
2023-09-08	SP500	4457.5
2023-09-08	NASDAQ	13761.5
2023-09-11	DJIA	34663.7
2023-09-11	SP500	4487.5
2023-09-11	NASDAQ	13917.9
2023-09-12	DJIA	34646.0
2023-09-12	SP500	4461.9
2023-09-12	NASDAQ	13773.6
2023-09-13	DJIA	34575.5
2023-09-13	SP500	4467.4
2023-09-13	NASDAQ	13813.6
2023-09-14	DJIA	34907.1
2023-09-14	SP500	4505.1
2023-09-14	NASDAQ	13926.0
2023-09-15	DJIA	34618.2
2023-09-15	SP500	4450.3
2023-09-15	NASDAQ	13708.3
2023-09-18	DJIA	34624.3
2023-09-18	SP500	4453.5
2023-09-18	NASDAQ	13710.2
2023-09-19	DJIA	34517.7
2023-09-19	SP500	4444.0
2023-09-19	NASDAQ	13678.2
2023-09-20	DJIA	34440.9
2023-09-20	SP500	4402.2
2023-09-20	NASDAQ	13469.1
2023-09-21	DJIA	34070.4
2023-09-21	SP500	4330.0
2023-09-21	NASDAQ	13224.0
2023-09-22	DJIA	33963.8
2023-09-22	SP500	4320.1
2023-09-22	NASDAQ	13211.8
2023-09-25	DJIA	34006.9
2023-09-25	SP500	4337.4
2023-09-25	NASDAQ	13271.3
2023-09-26	DJIA	33618.9
2023-09-26	SP500	4273.5
2023-09-26	NASDAQ	13063.6
2023-09-27	DJIA	33550.3
2023-09-27	SP500	4274.5
2023-09-27	NASDAQ	13092.8
2023-09-28	DJIA	33666.3
2023-09-28	SP500	4299.7
2023-09-28	NASDAQ	13201.3
2023-09-29	DJIA	33507.5
2023-09-29	SP500	4288.0
2023-09-29	NASDAQ	13219.3
2023-10-02	DJIA	33433.4
2023-10-02	SP500	4288.4
2023-10-02	NASDAQ	13307.8
2023-10-03	DJIA	33002.4
2023-10-03	SP500	4229.5
2023-10-03	NASDAQ	13059.5
2023-10-04	DJIA	33129.6
2023-10-04	SP500	4263.8
2023-10-04	NASDAQ	13236.0
2023-10-05	DJIA	33119.6
2023-10-05	SP500	4258.2
2023-10-05	NASDAQ	13219.8
2023-10-06	DJIA	33407.6
2023-10-06	SP500	4308.5
2023-10-06	NASDAQ	13431.3
2023-10-09	DJIA	33604.6
2023-10-09	SP500	4335.7
2023-10-09	NASDAQ	13484.2
2023-10-10	DJIA	33739.3
2023-10-10	SP500	4358.2
2023-10-10	NASDAQ	13562.8
2023-10-11	DJIA	33804.9
2023-10-11	SP500	4377.0
2023-10-11	NASDAQ	13659.7
2023-10-12	DJIA	33631.1
2023-10-12	SP500	4349.6
2023-10-12	NASDAQ	13574.2
2023-10-13	DJIA	33670.3
2023-10-13	SP500	4327.8
2023-10-13	NASDAQ	13407.2
2023-10-16	DJIA	33984.5
2023-10-16	SP500	4373.6
2023-10-16	NASDAQ	13568.0
2023-10-17	DJIA	33997.6
2023-10-17	SP500	4373.2
2023-10-17	NASDAQ	13533.8
2023-10-18	DJIA	33665.1
2023-10-18	SP500	4314.6
2023-10-18	NASDAQ	13314.3
2023-10-19	DJIA	33414.2
2023-10-19	SP500	4278.0
2023-10-19	NASDAQ	13186.2
2023-10-20	DJIA	33127.3
2023-10-20	SP500	4224.2
2023-10-20	NASDAQ	12983.8
2023-10-23	DJIA	32936.4
2023-10-23	SP500	4217.0
2023-10-23	NASDAQ	13018.3
2023-10-24	DJIA	33141.4
2023-10-24	SP500	4247.7
2023-10-24	NASDAQ	13139.9
2023-10-25	DJIA	33035.9
2023-10-25	SP500	4186.8
2023-10-25	NASDAQ	12821.2
2023-10-26	DJIA	32784.3
2023-10-26	SP500	4137.2
2023-10-26	NASDAQ	12595.6
2023-10-27	DJIA	32417.6
2023-10-27	SP500	4117.4
2023-10-27	NASDAQ	12643.0
2023-10-30	DJIA	32929.0
2023-10-30	SP500	4166.8
2023-10-30	NASDAQ	12789.5
2023-10-31	DJIA	33052.9
2023-10-31	SP500	4193.8
2023-10-31	NASDAQ	12851.2
2023-11-01	DJIA	33274.6
2023-11-01	SP500	4237.9
2023-11-01	NASDAQ	13061.5
2023-11-02	DJIA	33839.1
2023-11-02	SP500	4317.8
2023-11-02	NASDAQ	13294.2
2023-11-03	DJIA	34061.3
2023-11-03	SP500	4358.3
2023-11-03	NASDAQ	13478.3
2023-11-06	DJIA	34095.9
2023-11-06	SP500	4366.0
2023-11-06	NASDAQ	13518.8
2023-11-07	DJIA	34152.6
2023-11-07	SP500	4378.4
2023-11-07	NASDAQ	13639.9
2023-11-08	DJIA	34112.3
2023-11-08	SP500	4382.8
2023-11-08	NASDAQ	13650.4
2023-11-09	DJIA	33891.9
2023-11-09	SP500	4347.4
2023-11-09	NASDAQ	13521.5
2023-11-10	DJIA	34283.1
2023-11-10	SP500	4415.2
2023-11-10	NASDAQ	13798.1
2023-11-13	DJIA	34337.9
2023-11-13	SP500	4411.5
2023-11-13	NASDAQ	13767.7
2023-11-14	DJIA	34827.7
2023-11-14	SP500	4495.7
2023-11-14	NASDAQ	14094.4
2023-11-15	DJIA	34991.2
2023-11-15	SP500	4502.9
2023-11-15	NASDAQ	14103.8
2023-11-16	DJIA	34945.5
2023-11-16	SP500	4508.2
2023-11-16	NASDAQ	14113.7
2023-11-17	DJIA	34947.3
2023-11-17	SP500	4514.0
2023-11-17	NASDAQ	14125.5
2023-11-20	DJIA	35151.0
2023-11-20	SP500	4547.4
2023-11-20	NASDAQ	14284.5
2023-11-21	DJIA	35088.3
2023-11-21	SP500	4538.2
2023-11-21	NASDAQ	14200.0
2023-11-22	DJIA	35273.0
2023-11-22	SP500	4556.6
2023-11-22	NASDAQ	14265.9
2023-11-24	DJIA	35390.1
2023-11-24	SP500	4559.3
2023-11-24	NASDAQ	14250.8
2023-11-27	DJIA	35333.5
2023-11-27	SP500	4550.4
2023-11-27	NASDAQ	14241.0
2023-11-28	DJIA	35417.0
2023-11-28	SP500	4554.9
2023-11-28	NASDAQ	14281.8
2023-11-29	DJIA	35430.4
2023-11-29	SP500	4550.6
2023-11-29	NASDAQ	14258.5
2023-11-30	DJIA	35950.9
2023-11-30	SP500	4567.8
2023-11-30	NASDAQ	14226.2
2023-12-01	DJIA	36245.5
2023-12-01	SP500	4594.6
2023-12-01	NASDAQ	14305.0
2023-12-04	DJIA	36204.4
2023-12-04	SP500	4569.8
2023-12-04	NASDAQ	14185.5
2023-12-05	DJIA	36124.6
2023-12-05	SP500	4567.2
2023-12-05	NASDAQ	14229.9
2023-12-06	DJIA	36054.4
2023-12-06	SP500	4549.3
2023-12-06	NASDAQ	14146.7
2023-12-07	DJIA	36117.4
2023-12-07	SP500	4585.6
2023-12-07	NASDAQ	14340.0
2023-12-08	DJIA	36247.9
2023-12-08	SP500	4604.4
2023-12-08	NASDAQ	14404.0
2023-12-11	DJIA	36404.9
2023-12-11	SP500	4622.4
2023-12-11	NASDAQ	14432.5
2023-12-12	DJIA	36577.9
2023-12-12	SP500	4643.7
2023-12-12	NASDAQ	14533.4
2023-12-13	DJIA	37090.2
2023-12-13	SP500	4707.1
2023-12-13	NASDAQ	14734.0
2023-12-14	DJIA	37248.4
2023-12-14	SP500	4719.5
2023-12-14	NASDAQ	14761.6
2023-12-15	DJIA	37305.2
2023-12-15	SP500	4719.2
2023-12-15	NASDAQ	14813.9
2023-12-18	DJIA	37306.0
2023-12-18	SP500	4740.6
2023-12-18	NASDAQ	14904.8
2023-12-19	DJIA	37557.9
2023-12-19	SP500	4768.4
2023-12-19	NASDAQ	15003.2
2023-12-20	DJIA	37082.0
2023-12-20	SP500	4698.4
2023-12-20	NASDAQ	14777.9
2023-12-21	DJIA	37404.4
2023-12-21	SP500	4746.8
2023-12-21	NASDAQ	14963.9
2023-12-22	DJIA	37386.0
2023-12-22	SP500	4754.6
2023-12-22	NASDAQ	14993.0
2023-12-26	DJIA	37545.3
2023-12-26	SP500	4774.8
2023-12-26	NASDAQ	15074.6
2023-12-27	DJIA	37656.5
2023-12-27	SP500	4781.6
2023-12-27	NASDAQ	15099.2
2023-12-28	DJIA	37710.1
2023-12-28	SP500	4783.4
2023-12-28	NASDAQ	15095.1
2023-12-29	DJIA	37689.5
2023-12-29	SP500	4769.8
2023-12-29	NASDAQ	15011.3
2024-01-02	DJIA	37715.0
2024-01-02	SP500	4742.8
2024-01-02	NASDAQ	14765.9
2024-01-03	DJIA	37430.2
2024-01-03	SP500	4704.8
2024-01-03	NASDAQ	14592.2
2024-01-04	DJIA	37440.3
2024-01-04	SP500	4688.7
2024-01-04	NASDAQ	14510.3
2024-01-05	DJIA	37466.1
2024-01-05	SP500	4697.2
2024-01-05	NASDAQ	14524.1
2024-01-08	DJIA	37683.0
2024-01-08	SP500	4763.5
2024-01-08	NASDAQ	14843.8
2024-01-09	DJIA	37525.2
2024-01-09	SP500	4756.5
2024-01-09	NASDAQ	14857.7
2024-01-10	DJIA	37695.7
2024-01-10	SP500	4783.5
2024-01-10	NASDAQ	14969.7
2024-01-11	DJIA	37711.0
2024-01-11	SP500	4780.2
2024-01-11	NASDAQ	14970.2
2024-01-12	DJIA	37593.0
2024-01-12	SP500	4783.8
2024-01-12	NASDAQ	14972.8
2024-01-16	DJIA	37361.1
2024-01-16	SP500	4766.0
2024-01-16	NASDAQ	14944.3
2024-01-17	DJIA	37266.7
2024-01-17	SP500	4739.2
2024-01-17	NASDAQ	14855.6
2024-01-18	DJIA	37468.6
2024-01-18	SP500	4780.9
2024-01-18	NASDAQ	15055.7
2024-01-19	DJIA	37863.8
2024-01-19	SP500	4839.8
2024-01-19	NASDAQ	15311.0
2024-01-22	DJIA	38001.8
2024-01-22	SP500	4850.4
2024-01-22	NASDAQ	15360.3
2024-01-23	DJIA	37905.4
2024-01-23	SP500	4864.6
2024-01-23	NASDAQ	15425.9
2024-01-24	DJIA	37806.4
2024-01-24	SP500	4868.5
2024-01-24	NASDAQ	15481.9
2024-01-25	DJIA	38049.1
2024-01-25	SP500	4894.2
2024-01-25	NASDAQ	15510.5
2024-01-26	DJIA	38109.4
2024-01-26	SP500	4891.0
2024-01-26	NASDAQ	15455.4
2024-01-29	DJIA	38333.4
2024-01-29	SP500	4927.9
2024-01-29	NASDAQ	15628.0
2024-01-30	DJIA	38467.3
2024-01-30	SP500	4925.0
2024-01-30	NASDAQ	15509.9
2024-01-31	DJIA	38150.3
2024-01-31	SP500	4845.6
2024-01-31	NASDAQ	15164.0
2024-02-01	DJIA	38519.8
2024-02-01	SP500	4906.2
2024-02-01	NASDAQ	15361.6
2024-02-02	DJIA	38654.4
2024-02-02	SP500	4958.6
2024-02-02	NASDAQ	15629.0
2024-02-05	DJIA	38380.1
2024-02-05	SP500	4942.8
2024-02-05	NASDAQ	15597.7
2024-02-06	DJIA	38521.4
2024-02-06	SP500	4954.2
2024-02-06	NASDAQ	15609.0
2024-02-07	DJIA	38677.4
2024-02-07	SP500	4995.1
2024-02-07	NASDAQ	15756.6
2024-02-08	DJIA	38726.3
2024-02-08	SP500	4997.9
2024-02-08	NASDAQ	15793.7
2024-02-09	DJIA	38671.7
2024-02-09	SP500	5026.6
2024-02-09	NASDAQ	15990.7
2024-02-12	DJIA	38797.4
2024-02-12	SP500	5021.8
2024-02-12	NASDAQ	15942.5
2024-02-13	DJIA	38272.8
2024-02-13	SP500	4953.2
2024-02-13	NASDAQ	15655.6
2024-02-14	DJIA	38424.3
2024-02-14	SP500	5000.6
2024-02-14	NASDAQ	15859.2
2024-02-15	DJIA	38773.1
2024-02-15	SP500	5029.7
2024-02-15	NASDAQ	15906.2
2024-02-16	DJIA	38628.0
2024-02-16	SP500	5005.6
2024-02-16	NASDAQ	15775.7
2024-02-20	DJIA	38563.8
2024-02-20	SP500	4975.5
2024-02-20	NASDAQ	15630.8
2024-02-21	DJIA	38612.2
2024-02-21	SP500	4981.8
2024-02-21	NASDAQ	15580.9
2024-02-22	DJIA	39069.1
2024-02-22	SP500	5087.0
2024-02-22	NASDAQ	16041.6
2024-02-23	DJIA	39131.5
2024-02-23	SP500	5088.8
2024-02-23	NASDAQ	15996.8
2024-02-26	DJIA	39069.2
2024-02-26	SP500	5069.5
2024-02-26	NASDAQ	15976.2
2024-02-27	DJIA	38972.4
2024-02-27	SP500	5078.2
2024-02-27	NASDAQ	16035.3
2024-02-28	DJIA	38949.0
2024-02-28	SP500	5069.8
2024-02-28	NASDAQ	15947.7
2024-02-29	DJIA	38996.4
2024-02-29	SP500	5096.3
2024-02-29	NASDAQ	16091.9
2024-03-01	DJIA	39087.4
2024-03-01	SP500	5137.1
2024-03-01	NASDAQ	16274.9
2024-03-04	DJIA	38989.8
2024-03-04	SP500	5131.0
2024-03-04	NASDAQ	16207.5
2024-03-05	DJIA	38585.2
2024-03-05	SP500	5078.6
2024-03-05	NASDAQ	15939.6
2024-03-06	DJIA	38661.1
2024-03-06	SP500	5104.8
2024-03-06	NASDAQ	16031.5
2024-03-07	DJIA	38791.4
2024-03-07	SP500	5157.4
2024-03-07	NASDAQ	16273.4
2024-03-08	DJIA	38722.7
2024-03-08	SP500	5123.7
2024-03-08	NASDAQ	16085.1
2024-03-11	DJIA	38769.7
2024-03-11	SP500	5117.9
2024-03-11	NASDAQ	16019.3
2024-03-12	DJIA	39005.5
2024-03-12	SP500	5175.3
2024-03-12	NASDAQ	16265.6
2024-03-13	DJIA	39043.3
2024-03-13	SP500	5165.3
2024-03-13	NASDAQ	16177.8
2024-03-14	DJIA	38905.7
2024-03-14	SP500	5150.5
2024-03-14	NASDAQ	16128.5
2024-03-15	DJIA	38714.8
2024-03-15	SP500	5117.1
2024-03-15	NASDAQ	15973.2
2024-03-18	DJIA	38790.4
2024-03-18	SP500	5149.4
2024-03-18	NASDAQ	16103.5
2024-03-19	DJIA	39110.8
2024-03-19	SP500	5178.5
2024-03-19	NASDAQ	16166.8
2024-03-20	DJIA	39512.1
2024-03-20	SP500	5224.6
2024-03-20	NASDAQ	16369.4
2024-03-21	DJIA	39781.4
2024-03-21	SP500	5241.5
2024-03-21	NASDAQ	16401.8
2024-03-22	DJIA	39475.9
2024-03-22	SP500	5234.2
2024-03-22	NASDAQ	16428.8
2024-03-25	DJIA	39313.6
2024-03-25	SP500	5218.2
2024-03-25	NASDAQ	16384.5
2024-03-26	DJIA	39282.3
2024-03-26	SP500	5203.6
2024-03-26	NASDAQ	16315.7
2024-03-27	DJIA	39760.1
2024-03-27	SP500	5248.5
2024-03-27	NASDAQ	16399.5
2024-03-28	DJIA	39807.4
2024-03-28	SP500	5254.4
2024-03-28	NASDAQ	16379.5
2024-04-01	DJIA	39566.9
2024-04-01	SP500	5243.8
2024-04-01	NASDAQ	16396.8
2024-04-02	DJIA	39170.2
2024-04-02	SP500	5205.8
2024-04-02	NASDAQ	16240.5
2024-04-03	DJIA	39127.1
2024-04-03	SP500	5211.5
2024-04-03	NASDAQ	16277.5
2024-04-04	DJIA	38597.0
2024-04-04	SP500	5147.2
2024-04-04	NASDAQ	16049.1
2024-04-05	DJIA	38904.0
2024-04-05	SP500	5204.3
2024-04-05	NASDAQ	16248.5
2024-04-08	DJIA	38892.8
2024-04-08	SP500	5202.4
2024-04-08	NASDAQ	16254.0
2024-04-09	DJIA	38883.7
2024-04-09	SP500	5209.9
2024-04-09	NASDAQ	16306.6
2024-04-10	DJIA	38461.5
2024-04-10	SP500	5160.6
2024-04-10	NASDAQ	16170.4
2024-04-11	DJIA	38459.1
2024-04-11	SP500	5199.1
2024-04-11	NASDAQ	16442.2
2024-04-12	DJIA	37983.2
2024-04-12	SP500	5123.4
2024-04-12	NASDAQ	16175.1
2024-04-15	DJIA	37735.1
2024-04-15	SP500	5061.8
2024-04-15	NASDAQ	15885.0
2024-04-16	DJIA	37799.0
2024-04-16	SP500	5051.4
2024-04-16	NASDAQ	15865.2
2024-04-17	DJIA	37753.3
2024-04-17	SP500	5022.2
2024-04-17	NASDAQ	15683.4
2024-04-18	DJIA	37775.4
2024-04-18	SP500	5011.1
2024-04-18	NASDAQ	15601.5
2024-04-19	DJIA	37986.4
2024-04-19	SP500	4967.2
2024-04-19	NASDAQ	15282.0
2024-04-22	DJIA	38240.0
2024-04-22	SP500	5010.6
2024-04-22	NASDAQ	15451.3
2024-04-23	DJIA	38503.7
2024-04-23	SP500	5070.5
2024-04-23	NASDAQ	15696.6
2024-04-24	DJIA	38460.9
2024-04-24	SP500	5071.6
2024-04-24	NASDAQ	15712.8
2024-04-25	DJIA	38085.8
2024-04-25	SP500	5048.4
2024-04-25	NASDAQ	15611.8
2024-04-26	DJIA	38239.7
2024-04-26	SP500	5100.0
2024-04-26	NASDAQ	15927.9
2024-04-29	DJIA	38386.1
2024-04-29	SP500	5116.2
2024-04-29	NASDAQ	15983.1
2024-04-30	DJIA	37815.9
2024-04-30	SP500	5035.7
2024-04-30	NASDAQ	15657.8
2024-05-01	DJIA	37903.3
2024-05-01	SP500	5018.4
2024-05-01	NASDAQ	15605.5
2024-05-02	DJIA	38225.7
2024-05-02	SP500	5064.2
2024-05-02	NASDAQ	15841.0
2024-05-03	DJIA	38675.7
2024-05-03	SP500	5127.8
2024-05-03	NASDAQ	16156.3
2024-05-06	DJIA	38852.3
2024-05-06	SP500	5180.7
2024-05-06	NASDAQ	16349.2
2024-05-07	DJIA	38884.3
2024-05-07	SP500	5187.7
2024-05-07	NASDAQ	16332.6
2024-05-08	DJIA	39056.4
2024-05-08	SP500	5187.7
2024-05-08	NASDAQ	16302.8
2024-05-09	DJIA	39387.8
2024-05-09	SP500	5214.1
2024-05-09	NASDAQ	16346.3
2024-05-10	DJIA	39512.8
2024-05-10	SP500	5222.7
2024-05-10	NASDAQ	16340.9
2024-05-13	DJIA	39431.5
2024-05-13	SP500	5221.4
2024-05-13	NASDAQ	16388.2
2024-05-14	DJIA	39558.1
2024-05-14	SP500	5246.7
2024-05-14	NASDAQ	16511.2
2024-05-15	DJIA	39908.0
2024-05-15	SP500	5308.1
2024-05-15	NASDAQ	16742.4
2024-05-16	DJIA	39869.4
2024-05-16	SP500	5297.1
2024-05-16	NASDAQ	16698.3
2024-05-17	DJIA	40003.6
2024-05-17	SP500	5303.3
2024-05-17	NASDAQ	16686.0
2024-05-20	DJIA	39806.8
2024-05-20	SP500	5308.1
2024-05-20	NASDAQ	16794.9
2024-05-21	DJIA	39873.0
2024-05-21	SP500	5321.4
2024-05-21	NASDAQ	16832.6
2024-05-22	DJIA	39671.0
2024-05-22	SP500	5307.0
2024-05-22	NASDAQ	16801.5
2024-05-23	DJIA	39065.3
2024-05-23	SP500	5267.8
2024-05-23	NASDAQ	16736.0
2024-05-24	DJIA	39069.6
2024-05-24	SP500	5304.7
2024-05-24	NASDAQ	16920.8
2024-05-28	DJIA	38852.9
2024-05-28	SP500	5306.0
2024-05-28	NASDAQ	17019.9
2024-05-29	DJIA	38441.5
2024-05-29	SP500	5267.0
2024-05-29	NASDAQ	16920.6
2024-05-30	DJIA	38111.5
2024-05-30	SP500	5235.5
2024-05-30	NASDAQ	16737.1
2024-05-31	DJIA	38686.3
2024-05-31	SP500	5277.5
2024-05-31	NASDAQ	16735.0
2024-06-03	DJIA	38571.0
2024-06-03	SP500	5283.4
2024-06-03	NASDAQ	16828.7
2024-06-04	DJIA	38711.3
2024-06-04	SP500	5291.3
2024-06-04	NASDAQ	16857.1
2024-06-05	DJIA	38807.3
2024-06-05	SP500	5354.0
2024-06-05	NASDAQ	17187.9
2024-06-06	DJIA	38886.2
2024-06-06	SP500	5353.0
2024-06-06	NASDAQ	17173.1
2024-06-07	DJIA	38799.0
2024-06-07	SP500	5347.0
2024-06-07	NASDAQ	17133.1
2024-06-10	DJIA	38868.0
2024-06-10	SP500	5360.8
2024-06-10	NASDAQ	17192.5
2024-06-11	DJIA	38747.4
2024-06-11	SP500	5375.3
2024-06-11	NASDAQ	17343.6
2024-06-12	DJIA	38712.2
2024-06-12	SP500	5421.0
2024-06-12	NASDAQ	17608.4
2024-06-13	DJIA	38647.1
2024-06-13	SP500	5433.7
2024-06-13	NASDAQ	17667.6
2024-06-14	DJIA	38589.2
2024-06-14	SP500	5431.6
2024-06-14	NASDAQ	17688.9
2024-06-17	DJIA	38778.1
2024-06-17	SP500	5473.2
2024-06-17	NASDAQ	17857.0
2024-06-18	DJIA	38834.9
2024-06-18	SP500	5487.0
2024-06-18	NASDAQ	17862.2
2024-06-20	DJIA	39134.8
2024-06-20	SP500	5473.2
2024-06-20	NASDAQ	17721.6
2024-06-21	DJIA	39150.3
2024-06-21	SP500	5464.6
2024-06-21	NASDAQ	17689.4
2024-06-24	DJIA	39411.2
2024-06-24	SP500	5447.9
2024-06-24	NASDAQ	17496.8
2024-06-25	DJIA	39112.2
2024-06-25	SP500	5469.3
2024-06-25	NASDAQ	17717.7
2024-06-26	DJIA	39127.8
2024-06-26	SP500	5477.9
2024-06-26	NASDAQ	17805.2
2024-06-27	DJIA	39164.1
2024-06-27	SP500	5482.9
2024-06-27	NASDAQ	17858.7
2024-06-28	DJIA	39118.9
2024-06-28	SP500	5460.5
2024-06-28	NASDAQ	17732.6
2024-07-01	DJIA	39169.5
2024-07-01	SP500	5475.1
2024-07-01	NASDAQ	17879.3
2024-07-02	DJIA	39331.9
2024-07-02	SP500	5509.0
2024-07-02	NASDAQ	18028.8
2024-07-03	DJIA	39308.0
2024-07-03	SP500	5537.0
2024-07-03	NASDAQ	18188.3
2024-07-05	DJIA	39375.9
2024-07-05	SP500	5567.2
2024-07-05	NASDAQ	18352.8
2024-07-08	DJIA	39344.8
2024-07-08	SP500	5572.9
2024-07-08	NASDAQ	18403.7
2024-07-09	DJIA	39292.0
2024-07-09	SP500	5577.0
2024-07-09	NASDAQ	18429.3
2024-07-10	DJIA	39721.4
2024-07-10	SP500	5633.9
2024-07-10	NASDAQ	18647.4
2024-07-11	DJIA	39753.8
2024-07-11	SP500	5584.5
2024-07-11	NASDAQ	18283.4
2024-07-12	DJIA	40000.9
2024-07-12	SP500	5615.4
2024-07-12	NASDAQ	18398.4
2024-07-15	DJIA	40211.7
2024-07-15	SP500	5631.2
2024-07-15	NASDAQ	18472.6
2024-07-16	DJIA	40954.5
2024-07-16	SP500	5667.2
2024-07-16	NASDAQ	18509.3
2024-07-17	DJIA	41198.1
2024-07-17	SP500	5588.3
2024-07-17	NASDAQ	17996.9
2024-07-18	DJIA	40665.0
2024-07-18	SP500	5544.6
2024-07-18	NASDAQ	17871.2
2024-07-19	DJIA	40287.5
2024-07-19	SP500	5505.0
2024-07-19	NASDAQ	17726.9
2024-07-22	DJIA	40415.4
2024-07-22	SP500	5564.4
2024-07-22	NASDAQ	18007.6
2024-07-23	DJIA	40358.1
2024-07-23	SP500	5555.7
2024-07-23	NASDAQ	17997.3
2024-07-24	DJIA	39853.9
2024-07-24	SP500	5427.1
2024-07-24	NASDAQ	17342.4
2024-07-25	DJIA	39935.1
2024-07-25	SP500	5399.2
2024-07-25	NASDAQ	17181.7
2024-07-26	DJIA	40589.3
2024-07-26	SP500	5459.1
2024-07-26	NASDAQ	17357.9
2024-07-29	DJIA	40539.9
2024-07-29	SP500	5463.5
2024-07-29	NASDAQ	17370.2
2024-07-30	DJIA	40743.3
2024-07-30	SP500	5436.4
2024-07-30	NASDAQ	17147.4
2024-07-31	DJIA	40842.8
2024-07-31	SP500	5522.3
2024-07-31	NASDAQ	17599.4
2024-08-01	DJIA	40348.0
2024-08-01	SP500	5446.7
2024-08-01	NASDAQ	17194.2
2024-08-02	DJIA	39737.3
2024-08-02	SP500	5346.6
2024-08-02	NASDAQ	16776.2
2024-08-05	DJIA	38703.3
2024-08-05	SP500	5186.3
2024-08-05	NASDAQ	16200.1
2024-08-06	DJIA	38997.7
2024-08-06	SP500	5240.0
2024-08-06	NASDAQ	16366.8
2024-08-07	DJIA	38763.4
2024-08-07	SP500	5199.5
2024-08-07	NASDAQ	16195.8
2024-08-08	DJIA	39446.5
2024-08-08	SP500	5319.3
2024-08-08	NASDAQ	16660.0
2024-08-09	DJIA	39497.5
2024-08-09	SP500	5344.2
2024-08-09	NASDAQ	16745.3
2024-08-12	DJIA	39357.0
2024-08-12	SP500	5344.4
2024-08-12	NASDAQ	16780.6
2024-08-13	DJIA	39765.6
2024-08-13	SP500	5434.4
2024-08-13	NASDAQ	17187.6
2024-08-14	DJIA	40008.4
2024-08-14	SP500	5455.2
2024-08-14	NASDAQ	17192.6
2024-08-15	DJIA	40563.1
2024-08-15	SP500	5543.2
2024-08-15	NASDAQ	17594.5
2024-08-16	DJIA	40659.8
2024-08-16	SP500	5554.2
2024-08-16	NASDAQ	17631.7
2024-08-19	DJIA	40896.5
2024-08-19	SP500	5608.2
2024-08-19	NASDAQ	17876.8
2024-08-20	DJIA	40835.0
2024-08-20	SP500	5597.1
2024-08-20	NASDAQ	17816.9
2024-08-21	DJIA	40890.5
2024-08-21	SP500	5620.9
2024-08-21	NASDAQ	17919.0
2024-08-22	DJIA	40712.8
2024-08-22	SP500	5570.6
2024-08-22	NASDAQ	17619.3
2024-08-23	DJIA	41175.1
2024-08-23	SP500	5634.6
2024-08-23	NASDAQ	17877.8
2024-08-26	DJIA	41240.5
2024-08-26	SP500	5616.8
2024-08-26	NASDAQ	17725.8
2024-08-27	DJIA	41250.5
2024-08-27	SP500	5625.8
2024-08-27	NASDAQ	17754.8
2024-08-28	DJIA	41091.4
2024-08-28	SP500	5592.2
2024-08-28	NASDAQ	17556.0
2024-08-29	DJIA	41335.1
2024-08-29	SP500	5592.0
2024-08-29	NASDAQ	17516.4
2024-08-30	DJIA	41563.1
2024-08-30	SP500	5648.4
2024-08-30	NASDAQ	17713.6
2024-09-03	DJIA	40936.9
2024-09-03	SP500	5528.9
2024-09-03	NASDAQ	17136.3
2024-09-04	DJIA	40975.0
2024-09-04	SP500	5520.1
2024-09-04	NASDAQ	17084.3
2024-09-05	DJIA	40755.8
2024-09-05	SP500	5503.4
2024-09-05	NASDAQ	17127.7
2024-09-06	DJIA	40345.4
2024-09-06	SP500	5408.4
2024-09-06	NASDAQ	16690.8
2024-09-09	DJIA	40829.6
2024-09-09	SP500	5471.0
2024-09-09	NASDAQ	16884.6
2024-09-10	DJIA	40737.0
2024-09-10	SP500	5495.5
2024-09-10	NASDAQ	17025.9
2024-09-11	DJIA	40861.7
2024-09-11	SP500	5554.1
2024-09-11	NASDAQ	17395.5
2024-09-12	DJIA	41096.8
2024-09-12	SP500	5595.8
2024-09-12	NASDAQ	17569.7
2024-09-13	DJIA	41393.8
2024-09-13	SP500	5626.0
2024-09-13	NASDAQ	17684.0
2024-09-16	DJIA	41622.1
2024-09-16	SP500	5633.1
2024-09-16	NASDAQ	17592.1
2024-09-17	DJIA	41606.2
2024-09-17	SP500	5634.6
2024-09-17	NASDAQ	17628.1
2024-09-18	DJIA	41503.1
2024-09-18	SP500	5618.3
2024-09-18	NASDAQ	17573.3
2024-09-19	DJIA	42025.2
2024-09-19	SP500	5713.6
2024-09-19	NASDAQ	18014.0
2024-09-20	DJIA	42063.4
2024-09-20	SP500	5702.5
2024-09-20	NASDAQ	17948.3
2024-09-23	DJIA	42124.6
2024-09-23	SP500	5718.6
2024-09-23	NASDAQ	17974.3
2024-09-24	DJIA	42208.2
2024-09-24	SP500	5732.9
2024-09-24	NASDAQ	18074.5
2024-09-25	DJIA	41914.8
2024-09-25	SP500	5722.3
2024-09-25	NASDAQ	18082.2
2024-09-26	DJIA	42175.1
2024-09-26	SP500	5745.4
2024-09-26	NASDAQ	18190.3
2024-09-27	DJIA	42313.0
2024-09-27	SP500	5738.2
2024-09-27	NASDAQ	18119.6
2024-09-30	DJIA	42330.1
2024-09-30	SP500	5762.5
2024-09-30	NASDAQ	18189.2
2024-10-01	DJIA	42157.0
2024-10-01	SP500	5708.8
2024-10-01	NASDAQ	17910.4
2024-10-02	DJIA	42196.5
2024-10-02	SP500	5709.5
2024-10-02	NASDAQ	17925.1
2024-10-03	DJIA	42011.6
2024-10-03	SP500	5699.9
2024-10-03	NASDAQ	17918.5
2024-10-04	DJIA	42352.8
2024-10-04	SP500	5751.1
2024-10-04	NASDAQ	18137.8
2024-10-07	DJIA	41954.2
2024-10-07	SP500	5695.9
2024-10-07	NASDAQ	17923.9
2024-10-08	DJIA	42080.4
2024-10-08	SP500	5751.1
2024-10-08	NASDAQ	18182.9
2024-10-09	DJIA	42512.0
2024-10-09	SP500	5792.0
2024-10-09	NASDAQ	18291.6
2024-10-10	DJIA	42454.1
2024-10-10	SP500	5780.0
2024-10-10	NASDAQ	18282.1
2024-10-11	DJIA	42863.9
2024-10-11	SP500	5815.0
2024-10-11	NASDAQ	18342.9
2024-10-14	DJIA	43065.2
2024-10-14	SP500	5859.9
2024-10-14	NASDAQ	18502.7
2024-10-15	DJIA	42740.4
2024-10-15	SP500	5815.3
2024-10-15	NASDAQ	18315.6
2024-10-16	DJIA	43077.7
2024-10-16	SP500	5842.5
2024-10-16	NASDAQ	18367.1
2024-10-17	DJIA	43239.1
2024-10-17	SP500	5841.5
2024-10-17	NASDAQ	18373.6
2024-10-18	DJIA	43275.9
2024-10-18	SP500	5864.7
2024-10-18	NASDAQ	18489.6
2024-10-21	DJIA	42931.6
2024-10-21	SP500	5854.0
2024-10-21	NASDAQ	18540.0
