Date,Price
2010-06-29,1.5927
2010-06-30,1.5887
2010-07-01,1.464
2010-07-02,1.28
2010-07-06,1.074
2010-07-07,1.0533
2010-07-08,1.164
2010-07-09,1.16
2010-07-12,1.1367
2010-07-13,1.2093
2010-07-14,1.3227
2010-07-15,1.326
2010-07-16,1.376
2010-07-19,1.4607
2010-07-20,1.3533
2010-07-21,1.348
2010-07-22,1.4
2010-07-23,1.4193
2010-07-26,1.3967
2010-07-27,1.37
2010-07-28,1.3813
2010-07-29,1.3567
2010-07-30,1.3293
2010-08-02,1.3947
2010-08-03,1.4633
2010-08-04,1.4173
2010-08-05,1.3633
2010-08-06,1.306
2010-08-09,1.3067
2010-08-10,1.2687
2010-08-11,1.1933
2010-08-12,1.1733
2010-08-13,1.2213
2010-08-16,1.252
2010-08-17,1.2767
2010-08-18,1.2513
2010-08-19,1.2527
2010-08-20,1.2733
2010-08-23,1.342
2010-08-24,1.28
2010-08-25,1.3267
2010-08-26,1.3167
2010-08-27,1.3133
2010-08-30,1.3247
2010-08-31,1.2987
2010-09-01,1.3633
2010-09-02,1.404
2010-09-03,1.4033
2010-09-07,1.3693
2010-09-08,1.3933
2010-09-09,1.3807
2010-09-10,1.3447
2010-09-13,1.3813
2010-09-14,1.408
2010-09-15,1.4653
2010-09-16,1.396
2010-09-17,1.3487
2010-09-20,1.404
2010-09-21,1.3847
2010-09-22,1.3247
2010-09-23,1.304
2010-09-24,1.34
2010-09-27,1.3687
2010-09-28,1.4267
2010-09-29,1.4653
2010-09-30,1.3607
2010-10-01,1.3733
2010-10-04,1.3993
2010-10-05,1.408
2010-10-06,1.364
2010-10-07,1.362
2010-10-08,1.362
2010-10-11,1.3493
2010-10-12,1.3493
2010-10-13,1.3693
2010-10-14,1.3833
2010-10-15,1.3693
2010-10-18,1.3487
2010-10-19,1.3367
2010-10-20,1.3767
2010-10-21,1.3833
2010-10-22,1.3813
2010-10-25,1.39
2010-10-26,1.424
2010-10-27,1.4
2010-10-28,1.4127
2010-10-29,1.456
2010-11-01,1.4273
2010-11-02,1.4167
2010-11-03,1.4513
2010-11-04,1.66
2010-11-05,1.6293
2010-11-08,1.6653
2010-11-09,1.642
2010-11-10,1.9573
2010-11-11,1.8693
2010-11-12,1.9893
2010-11-15,2.0533
2010-11-16,1.978
2010-11-17,1.966
2010-11-18,1.9927
2010-11-19,2.066
2010-11-22,2.2267
2010-11-23,2.3047
2010-11-24,2.3647
2010-11-26,2.3547
2010-11-29,2.2887
2010-11-30,2.3553
2010-12-01,2.29
2010-12-02,2.1567
2010-12-03,2.0993
2010-12-06,2.0207
2010-12-07,2.104
2010-12-08,2.158
2010-12-09,2.1367
2010-12-10,2.1013
2010-12-13,2.0367
2010-12-14,1.902
2010-12-15,1.9733
2010-12-16,2.054
2010-12-17,2.0907
2010-12-20,2.1133
2010-12-21,2.1507
2010-12-22,2.1753
2010-12-23,2.006
2010-12-27,1.7033
2010-12-28,1.7607
2010-12-29,1.8487
2010-12-30,1.7667
2010-12-31,1.7753
2011-01-03,1.7747
2011-01-04,1.778
2011-01-05,1.7887
2011-01-06,1.8587
2011-01-07,1.8827
2011-01-10,1.8967
2011-01-11,1.7973
2011-01-12,1.7973
2011-01-13,1.748
2011-01-14,1.7167
2011-01-18,1.7093
2011-01-19,1.602
2011-01-20,1.508
2011-01-21,1.536
2011-01-24,1.6327
2011-01-25,1.6453
2011-01-26,1.65
2011-01-27,1.6613
2011-01-28,1.6007
2011-01-31,1.6067
2011-02-01,1.594
2011-02-02,1.596
2011-02-03,1.5753
2011-02-04,1.564
2011-02-07,1.538
2011-02-08,1.6327
2011-02-09,1.5473
2011-02-10,1.548
2011-02-11,1.55
2011-02-14,1.5387
2011-02-15,1.5227
2011-02-16,1.6487
2011-02-17,1.5733
2011-02-18,1.5453
2011-02-22,1.458
2011-02-23,1.4553
2011-02-24,1.502
2011-02-25,1.574
2011-02-28,1.5927
2011-03-01,1.596
2011-03-02,1.6013
2011-03-03,1.624
2011-03-04,1.6633
2011-03-07,1.6627
2011-03-08,1.644
2011-03-09,1.648
2011-03-10,1.6007
2011-03-11,1.6047
2011-03-14,1.55
2011-03-15,1.53
2011-03-16,1.5213
2011-03-17,1.5207
2011-03-18,1.5307
2011-03-21,1.5153
2011-03-22,1.4793
2011-03-23,1.4807
2011-03-24,1.4887
2011-03-25,1.5167
2011-03-28,1.55
2011-03-29,1.5947
2011-03-30,1.5807
2011-03-31,1.85
2011-04-01,1.7773
2011-04-04,1.722
2011-04-05,1.78
2011-04-06,1.766
2011-04-07,1.816
2011-04-08,1.766
2011-04-11,1.6847
2011-04-12,1.6433
2011-04-13,1.662
2011-04-14,1.676
2011-04-15,1.7053
2011-04-18,1.6687
2011-04-19,1.6773
2011-04-20,1.7167
2011-04-21,1.7827
2011-04-25,1.7593
2011-04-26,1.7953
2011-04-27,1.8053
2011-04-28,1.844
2011-04-29,1.84
2011-05-02,1.83
2011-05-03,1.7913
2011-05-04,1.7793
2011-05-05,1.7627
2011-05-06,1.808
2011-05-09,1.8607
2011-05-10,1.8887
2011-05-11,1.8047
2011-05-12,1.8447
2011-05-13,1.8367
2011-05-16,1.7733
2011-05-17,1.7307
2011-05-18,1.7567
2011-05-19,1.88
2011-05-20,1.8647
2011-05-23,1.788
2011-05-24,1.7813
2011-05-25,1.932
2011-05-26,1.9653
2011-05-27,1.97
2011-05-31,2.0093
2011-06-01,1.9013
2011-06-02,1.9173
2011-06-03,2.0087
2011-06-06,1.9133
2011-06-07,1.8913
2011-06-08,1.808
2011-06-09,1.8413
2011-06-10,1.8573
2011-06-13,1.8953
2011-06-14,1.9067
2011-06-15,1.8213
2011-06-16,1.7667
2011-06-17,1.7667
2011-06-20,1.734
2011-06-21,1.8353
2011-06-22,1.814
2011-06-23,1.8473
2011-06-24,1.838
2011-06-27,1.8307
2011-06-28,1.874
2011-06-29,1.886
2011-06-30,1.942
2011-07-01,1.9347
2011-07-05,1.9427
2011-07-06,1.9307
2011-07-07,1.982
2011-07-08,1.9207
2011-07-11,1.89
2011-07-12,1.878
2011-07-13,1.9093
2011-07-14,1.8407
2011-07-15,1.8387
2011-07-18,1.8153
2011-07-19,1.8593
2011-07-20,1.9127
2011-07-21,1.9133
2011-07-22,1.9527
2011-07-25,1.8993
2011-07-26,1.8667
2011-07-27,1.8427
2011-07-28,1.878
2011-07-29,1.878
2011-08-01,1.918
2011-08-02,1.8227
2011-08-03,1.8133
2011-08-04,1.65
2011-08-05,1.616
2011-08-08,1.576
2011-08-09,1.6707
2011-08-10,1.588
2011-08-11,1.6867
2011-08-12,1.754
2011-08-15,1.7487
2011-08-16,1.74
2011-08-17,1.722
2011-08-18,1.6173
2011-08-19,1.4867
2011-08-22,1.4633
2011-08-23,1.5307
2011-08-24,1.5913
2011-08-25,1.5407
2011-08-26,1.582
2011-08-29,1.6473
2011-08-30,1.642
2011-08-31,1.6493
2011-09-01,1.6
2011-09-02,1.538
2011-09-06,1.5293
2011-09-07,1.5893
2011-09-08,1.574
2011-09-09,1.5313
2011-09-12,1.5253
2011-09-13,1.6053
2011-09-14,1.6227
2011-09-15,1.6547
2011-09-16,1.72
2011-09-19,1.718
2011-09-20,1.734
2011-09-21,1.7233
2011-09-22,1.7087
2011-09-23,1.7587
2011-09-26,1.7013
2011-09-27,1.746
2011-09-28,1.6393
2011-09-29,1.608
2011-09-30,1.626
2011-10-03,1.582
2011-10-04,1.5773
2011-10-05,1.6913
2011-10-06,1.7973
2011-10-07,1.7993
2011-10-10,1.8587
2011-10-11,1.8407
2011-10-12,1.8533
2011-10-13,1.8627
2011-10-14,1.87
2011-10-17,1.828
2011-10-18,1.8893
2011-10-19,1.838
2011-10-20,1.8227
2011-10-21,1.8687
2011-10-24,1.9033
2011-10-25,1.8833
2011-10-26,1.8653
2011-10-27,1.9173
2011-10-28,1.9913
2011-10-31,1.958
2011-11-01,1.9253
2011-11-02,1.914
2011-11-03,2.164
2011-11-04,2.154
2011-11-07,2.0847
2011-11-08,2.1227
2011-11-09,2.0587
2011-11-10,2.0887
2011-11-11,2.2427
2011-11-14,2.2147
2011-11-15,2.262
2011-11-16,2.3293
2011-11-17,2.2453
2011-11-18,2.1733
2011-11-21,2.1173
2011-11-22,2.138
2011-11-23,2.0967
2011-11-25,2.1107
2011-11-28,2.1707
2011-11-29,2.1167
2011-11-30,2.1827
2011-12-01,2.1733
2011-12-02,2.22
2011-12-05,2.2947
2011-12-06,2.3247
2011-12-07,2.2793
2011-12-08,2.0593
2011-12-09,2.0693
2011-12-12,2.0273
2011-12-13,1.9633
2011-12-14,1.902
2011-12-15,1.908
2011-12-16,1.8667
2011-12-19,1.85
2011-12-20,1.86
2011-12-21,1.838
2011-12-22,1.8513
2011-12-23,1.86
2011-12-27,1.9047
2011-12-28,1.9007
2011-12-29,1.9153
2011-12-30,1.904
2012-01-03,1.872
2012-01-04,1.8473
2012-01-05,1.808
2012-01-06,1.794
2012-01-09,1.8167
2012-01-10,1.8413
2012-01-11,1.882
2012-01-12,1.8833
2012-01-13,1.5193
2012-01-17,1.7733
2012-01-18,1.7873
2012-01-19,1.784
2012-01-20,1.7733
2012-01-23,1.7847
2012-01-24,1.828
2012-01-25,1.8647
2012-01-26,1.9293
2012-01-27,1.9553
2012-01-30,1.9713
2012-01-31,1.938
2012-02-01,1.972
2012-02-02,2.0167
2012-02-03,2.0767
2012-02-06,2.12
2012-02-07,2.1067
2012-02-08,2.1287
2012-02-09,2.172
2012-02-10,2.0733
2012-02-13,2.0993
2012-02-14,2.2113
2012-02-15,2.24
2012-02-16,2.2787
2012-02-17,2.3313
2012-02-21,2.3
2012-02-22,2.2813
2012-02-23,2.302
2012-02-24,2.25
2012-02-27,2.2413
2012-02-28,2.254
2012-02-29,2.2273
2012-03-01,2.294
2012-03-02,2.2693
2012-03-05,2.2513
2012-03-06,2.2073
2012-03-07,2.208
2012-03-08,2.2047
2012-03-09,2.316
2012-03-12,2.4007
2012-03-13,2.406
2012-03-14,2.3527
2012-03-15,2.3333
2012-03-16,2.3547
2012-03-19,2.332
2012-03-20,2.3307
2012-03-21,2.3433
2012-03-22,2.2933
2012-03-23,2.272
2012-03-26,2.4933
2012-03-27,2.5293
2012-03-28,2.5233
2012-03-29,2.4887
2012-03-30,2.4827
2012-04-02,2.4387
2012-04-03,2.534
2012-04-04,2.3333
2012-04-05,2.2987
2012-04-09,2.21
2012-04-10,2.164
2012-04-11,2.206
2012-04-12,2.2293
2012-04-13,2.2393
2012-04-16,2.15
2012-04-17,2.1493
2012-04-18,2.1773
2012-04-19,2.2107
2012-04-20,2.2107
2012-04-23,2.1293
2012-04-24,2.1213
2012-04-25,2.194
2012-04-26,2.2327
2012-04-27,2.2227
2012-04-30,2.2087
2012-05-01,2.252
2012-05-02,2.2627
2012-05-03,2.164
2012-05-04,2.122
2012-05-07,2.1647
2012-05-08,2.0127
2012-05-09,2.004
2012-05-10,2.1973
2012-05-11,2.15
2012-05-14,2.004
2012-05-15,1.962
2012-05-16,1.9453
2012-05-17,1.9047
2012-05-18,1.8373
2012-05-21,1.918
2012-05-22,2.0533
2012-05-23,2.068
2012-05-24,2.0187
2012-05-25,1.9873
2012-05-29,2.1127
2012-05-30,2.0273
2012-05-31,1.9667
2012-06-01,1.8767
2012-06-04,1.8587
2012-06-05,1.8607
2012-06-06,1.948
2012-06-07,1.9287
2012-06-08,2.0053
2012-06-11,1.9413
2012-06-12,1.9773
2012-06-13,1.9847
2012-06-14,1.9593
2012-06-15,1.994
2012-06-18,2.1227
2012-06-19,2.1393
2012-06-20,2.252
2012-06-21,2.146
2012-06-22,2.2527
2012-06-25,2.2073
2012-06-26,2.1073
2012-06-27,2.1307
2012-06-28,2.094
2012-06-29,2.086
2012-07-02,2.0267
2012-07-03,2.044
2012-07-05,2.082
2012-07-06,2.066
2012-07-09,2.0993
2012-07-10,2.0847
2012-07-11,2.1007
2012-07-12,2.18
2012-07-13,2.2833
2012-07-16,2.3973
2012-07-17,2.2233
2012-07-18,2.1433
2012-07-19,2.1513
2012-07-20,2.1193
2012-07-23,2.044
2012-07-24,1.9893
2012-07-25,1.93
2012-07-26,1.8753
2012-07-27,1.9673
2012-07-30,1.8233
2012-07-31,1.828
2012-08-01,1.75
2012-08-02,1.74
2012-08-03,1.818
2012-08-06,1.8847
2012-08-07,2.0167
2012-08-08,1.9393
2012-08-09,1.9607
2012-08-10,1.996
2012-08-13,2.078
2012-08-14,1.9613
2012-08-15,1.96
2012-08-16,2.02
2012-08-17,2.0007
2012-08-20,1.9673
2012-08-21,1.9407
2012-08-22,1.9967
2012-08-23,2.0487
2012-08-24,1.9667
2012-08-27,1.888
2012-08-28,1.9127
2012-08-29,1.894
2012-08-30,1.894
2012-08-31,1.9013
2012-09-04,1.876
2012-09-05,1.8627
2012-09-06,1.9033
2012-09-07,1.9567
2012-09-10,1.8247
2012-09-11,1.8533
2012-09-12,1.8853
2012-09-13,1.9653
2012-09-14,2.026
2012-09-17,2.1693
2012-09-18,2.0893
2012-09-19,2.07
2012-09-20,2.06
2012-09-21,2.0013
2012-09-24,2.044
2012-09-25,1.844
2012-09-26,1.836
2012-09-27,1.8993
2012-09-28,1.952
2012-10-01,1.944
2012-10-02,1.9867
2012-10-03,1.9533
2012-10-04,1.96
2012-10-05,1.926
2012-10-08,1.95
2012-10-09,1.8913
2012-10-10,1.8933
2012-10-11,1.888
2012-10-12,1.8427
2012-10-15,1.822
2012-10-16,1.8707
2012-10-17,1.9213
2012-10-18,1.8693
2012-10-19,1.8493
2012-10-22,1.8567
2012-10-23,1.8927
2012-10-24,1.828
2012-10-25,1.8347
2012-10-26,1.8253
2012-10-31,1.8753
2012-11-01,1.95
2012-11-02,1.928
2012-11-05,2.1
2012-11-06,2.0767
2012-11-07,2.1027
2012-11-08,2.0873
2012-11-09,2.0213
2012-11-12,2.0713
2012-11-13,2.1073
2012-11-14,2.092
2012-11-15,2.0547
2012-11-16,2.1227
2012-11-19,2.1947
2012-11-20,2.2
2012-11-21,2.1647
2012-11-23,2.142
2012-11-26,2.1513
2012-11-27,2.1433
2012-11-28,2.2153
2012-11-29,2.246
2012-11-30,2.2547
2012-12-03,2.308
2012-12-04,2.26
2012-12-05,2.2473
2012-12-06,2.26
2012-12-07,2.278
2012-12-10,2.3047
2012-12-11,2.352
2012-12-12,2.3507
2012-12-13,2.2407
2012-12-14,2.254
2012-12-17,2.2933
2012-12-18,2.306
2012-12-19,2.3073
2012-12-20,2.2953
2012-12-21,2.2667
2012-12-24,2.2853
2012-12-26,2.2393
2012-12-27,2.246
2012-12-28,2.2147
2012-12-31,2.258
2013-01-02,2.3573
2013-01-03,2.318
2013-01-04,2.2933
2013-01-07,2.2893
2013-01-08,2.2453
2013-01-09,2.2427
2013-01-10,2.2353
2013-01-11,2.194
2013-01-14,2.2173
2013-01-15,2.26
2013-01-16,2.2733
2013-01-17,2.292
2013-01-18,2.3013
2013-01-22,2.346
2013-01-23,2.4
2013-01-24,2.466
2013-01-25,2.4653
2013-01-28,2.5353
2013-01-29,2.53
2013-01-30,2.5013
2013-01-31,2.5007
2013-02-01,2.5533
2013-02-04,2.516
2013-02-05,2.542
2013-02-06,2.6113
2013-02-07,2.632
2013-02-08,2.616
2013-02-11,2.5613
2013-02-12,2.526
2013-02-13,2.5633
2013-02-14,2.5513
2013-02-15,2.4693
2013-02-19,2.6187
2013-02-20,2.5693
2013-02-21,2.344
2013-02-22,2.4073
2013-02-25,2.292
2013-02-26,2.2953
2013-02-27,2.34
2013-02-28,2.322
2013-03-01,2.31
2013-03-04,2.372
2013-03-05,2.4433
2013-03-06,2.5127
2013-03-07,2.5487
2013-03-08,2.5647
2013-03-11,2.6067
2013-03-12,2.608
2013-03-13,2.5987
2013-03-14,2.4567
2013-03-15,2.3527
2013-03-18,2.3433
2013-03-19,2.3387
2013-03-20,2.3967
2013-03-21,2.4007
2013-03-22,2.4413
2013-03-25,2.502
2013-03-26,2.524
2013-03-27,2.544
2013-03-28,2.526
2013-04-01,2.9287
2013-04-02,2.956
2013-04-03,2.74
2013-04-04,2.8007
2013-04-05,2.758
2013-04-08,2.7887
2013-04-09,2.7
2013-04-10,2.7907
2013-04-11,2.906
2013-04-12,2.9167
2013-04-15,2.8867
2013-04-16,3.0393
2013-04-17,3.03
2013-04-18,3.1313
2013-04-19,3.1887
2013-04-22,3.346
2013-04-23,3.4007
2013-04-24,3.362
2013-04-25,3.4667
2013-04-26,3.4133
2013-04-29,3.6627
2013-04-30,3.5993
2013-05-01,3.552
2013-05-02,3.6073
2013-05-03,3.6367
2013-05-06,3.9667
2013-05-07,3.7007
2013-05-08,3.7193
2013-05-09,4.6267
2013-05-10,5.1173
2013-05-13,5.8533
2013-05-14,5.5493
2013-05-15,5.656
2013-05-16,6.15
2013-05-17,6.1
2013-05-20,5.996
2013-05-21,5.8393
2013-05-22,5.816
2013-05-23,6.182
2013-05-24,6.472
2013-05-28,7.3553
2013-05-29,6.9753
2013-05-30,6.9967
2013-05-31,6.5173
2013-06-03,6.1727
2013-06-04,6.3227
2013-06-05,6.358
2013-06-06,6.49
2013-06-07,6.8027
2013-06-10,6.67
2013-06-11,6.298
2013-06-12,6.5153
2013-06-13,6.5453
2013-06-14,6.6867
2013-06-17,6.8133
2013-06-18,6.8927
2013-06-19,6.9787
2013-06-20,6.71
2013-06-21,6.6367
2013-06-24,6.766
2013-06-25,6.8267
2013-06-26,7.048
2013-06-27,7.2833
2013-06-28,7.1573
2013-07-01,7.812
2013-07-02,7.8547
2013-07-03,7.6827
2013-07-05,8.006
2013-07-08,8.1073
2013-07-09,8.23
2013-07-10,8.1513
2013-07-11,8.374
2013-07-12,8.66
2013-07-15,8.484
2013-07-16,7.27
2013-07-17,8.0167
2013-07-18,7.9353
2013-07-19,7.9787
2013-07-22,8.162
2013-07-23,8.1827
2013-07-24,8.1133
2013-07-25,8.2713
2013-07-26,8.626
2013-07-29,8.9747
2013-07-30,8.7827
2013-07-31,8.952
2013-08-01,9.0367
2013-08-02,9.2
2013-08-05,9.6453
2013-08-06,9.4767
2013-08-07,8.9487
2013-08-08,10.232
2013-08-09,10.2
2013-08-12,9.8253
2013-08-13,9.6953
2013-08-14,9.2907
2013-08-15,9.3113
2013-08-16,9.4667
2013-08-19,9.66
2013-08-20,9.972
2013-08-21,9.8573
2013-08-22,10.4733
2013-08-23,10.7893
2013-08-26,10.948
2013-08-27,11.134
2013-08-28,11.0967
2013-08-29,11.0707
2013-08-30,11.2667
2013-09-03,11.2627
2013-09-04,11.3747
2013-09-05,11.3287
2013-09-06,11.1313
2013-09-09,10.7133
2013-09-10,11.0913
2013-09-11,10.9013
2013-09-12,10.9953
2013-09-13,11.036
2013-09-16,11.1053
2013-09-17,11.082
2013-09-18,11.0813
2013-09-19,11.8613
2013-09-20,12.226
2013-09-23,12.074
2013-09-24,12.1553
2013-09-25,12.3493
2013-09-26,12.576
2013-09-27,12.7267
2013-09-30,12.8913
2013-10-01,12.8667
2013-10-02,12.0633
2013-10-03,11.554
2013-10-04,12.0653
2013-10-07,12.2047
2013-10-08,11.6487
2013-10-09,11.252
2013-10-10,11.5287
2013-10-11,11.9133
2013-10-14,11.9813
2013-10-15,12.2627
2013-10-16,12.2373
2013-10-17,12.1867
2013-10-18,12.2267
2013-10-21,11.5067
2013-10-22,11.436
2013-10-23,10.9667
2013-10-24,11.5433
2013-10-25,11.3107
2013-10-28,10.8573
2013-10-29,10.9647
2013-10-30,10.6147
2013-10-31,10.6627
2013-11-01,10.8113
2013-11-04,11.68
2013-11-05,11.7873
2013-11-06,10.0773
2013-11-07,9.318
2013-11-08,9.1967
2013-11-11,9.6467
2013-11-12,9.1867
2013-11-13,9.2467
2013-11-14,9.1733
2013-11-15,9.03
2013-11-18,8.1053
2013-11-19,8.406
2013-11-20,8.074
2013-11-21,8.14
2013-11-22,8.092
2013-11-25,8.056
2013-11-26,8.0333
2013-11-27,8.4627
2013-11-29,8.4853
2013-12-02,8.278
2013-12-03,9.6467
2013-12-04,9.2633
2013-12-05,9.3653
2013-12-06,9.1573
2013-12-09,9.44
2013-12-10,9.4793
2013-12-11,9.31
2013-12-12,9.8313
2013-12-13,9.8433
2013-12-16,9.8627
2013-12-17,10.164
2013-12-18,9.8653
2013-12-19,9.3813
2013-12-20,9.5493
2013-12-23,9.57
2013-12-24,10.094
2013-12-26,10.3667
2013-12-27,10.0747
2013-12-30,10.1627
2013-12-31,10.0287
2014-01-02,10.0067
2014-01-03,9.9707
2014-01-06,9.8
2014-01-07,9.9573
2014-01-08,10.0853
2014-01-09,9.8353
2014-01-10,9.7147
2014-01-13,9.2893
2014-01-14,10.7513
2014-01-15,10.942
2014-01-16,11.398
2014-01-17,11.334
2014-01-21,11.7787
2014-01-22,11.904
2014-01-23,12.1
2014-01-24,11.64
2014-01-27,11.308
2014-01-28,11.892
2014-01-29,11.682
2014-01-30,12.1893
2014-01-31,12.094
2014-02-03,11.8073
2014-02-04,11.9153
2014-02-05,11.628
2014-02-06,11.892
2014-02-07,12.4353
2014-02-10,13.104
2014-02-11,13.108
2014-02-12,13.0213
2014-02-13,13.3087
2014-02-14,13.2153
2014-02-18,13.58
2014-02-19,12.9093
2014-02-20,13.998
2014-02-21,13.9733
2014-02-24,14.51
2014-02-25,16.5333
2014-02-26,16.8667
2014-02-27,16.836
2014-02-28,16.3207
2014-03-03,16.704
2014-03-04,16.9893
2014-03-05,16.844
2014-03-06,16.8627
2014-03-07,16.414
2014-03-10,15.9227
2014-03-11,15.6273
2014-03-12,16.0993
2014-03-13,15.8527
2014-03-14,15.398
2014-03-17,15.5987
2014-03-18,16.0027
2014-03-19,15.7227
2014-03-20,15.6607
2014-03-21,15.2593
2014-03-24,14.678
2014-03-25,14.696
2014-03-26,14.1973
2014-03-27,13.8213
2014-03-28,14.158
2014-03-31,13.8967
2014-04-01,14.4647
2014-04-02,15.3527
2014-04-03,15.0267
2014-04-04,14.1487
2014-04-07,13.8347
2014-04-08,14.364
2014-04-09,14.462
2014-04-10,13.6127
2014-04-11,13.5853
2014-04-14,13.206
2014-04-15,12.9273
2014-04-16,13.274
2014-04-17,13.208
2014-04-21,13.6253
2014-04-22,14.576
2014-04-23,13.866
2014-04-24,13.8573
2014-04-25,13.3233
2014-04-28,13.234
2014-04-29,13.7947
2014-04-30,13.8593
2014-05-01,13.8487
2014-05-02,14.0607
2014-05-05,14.4407
2014-05-06,13.8187
2014-05-07,13.4233
2014-05-08,11.906
2014-05-09,12.1507
2014-05-12,12.3113
2014-05-13,12.6773
2014-05-14,12.708
2014-05-15,12.5727
2014-05-16,12.7707
2014-05-19,13.0727
2014-05-20,13.02
2014-05-21,13.2967
2014-05-22,13.6587
2014-05-23,13.82
2014-05-27,14.104
2014-05-28,14.016
2014-05-29,14.016
2014-05-30,13.8513
2014-06-02,13.6467
2014-06-03,13.6627
2014-06-04,13.5993
2014-06-05,13.7933
2014-06-06,13.878
2014-06-09,13.6873
2014-06-10,13.4867
2014-06-11,13.6313
2014-06-12,13.568
2014-06-13,13.7613
2014-06-16,14.974
2014-06-17,15.4447
2014-06-18,15.1413
2014-06-19,15.186
2014-06-20,15.306
2014-06-23,15.8147
2014-06-24,15.5
2014-06-25,15.7927
2014-06-26,15.7067
2014-06-27,15.9373
2014-06-30,16.004
2014-07-01,15.9813
2014-07-02,15.2953
2014-07-03,15.2833
2014-07-07,14.844
2014-07-08,14.6047
2014-07-09,14.8707
2014-07-10,14.6307
2014-07-11,14.542
2014-07-14,15.1133
2014-07-15,14.6387
2014-07-16,14.4773
2014-07-17,14.36
2014-07-18,14.668
2014-07-21,14.7027
2014-07-22,14.6387
2014-07-23,14.8327
2014-07-24,14.9027
2014-07-25,14.9047
2014-07-28,14.988
2014-07-29,15.0007
2014-07-30,15.2613
2014-07-31,14.8867
2014-08-01,15.5513
2014-08-04,15.9013
2014-08-05,15.8993
2014-08-06,16.5953
2014-08-07,16.826
2014-08-08,16.542
2014-08-11,17.288
2014-08-12,17.3307
2014-08-13,17.354
2014-08-14,17.4253
2014-08-15,17.4673
2014-08-18,17.3293
2014-08-19,17.1173
2014-08-20,17.0473
2014-08-21,16.956
2014-08-22,17.1187
2014-08-25,17.5033
2014-08-26,17.4493
2014-08-27,17.55
2014-08-28,17.5907
2014-08-29,17.98
2014-09-02,18.9413
2014-09-03,18.746
2014-09-04,19.0693
2014-09-05,18.4927
2014-09-08,18.8073
2014-09-09,18.5653
2014-09-10,18.74
2014-09-11,18.6873
2014-09-12,18.6133
2014-09-15,16.924
2014-09-16,17.3827
2014-09-17,17.4253
2014-09-18,17.588
2014-09-19,17.288
2014-09-22,16.6687
2014-09-23,16.694
2014-09-24,16.8093
2014-09-25,16.4633
2014-09-26,16.44
2014-09-29,16.3507
2014-09-30,16.1787
2014-10-01,16.016
2014-10-02,16.7613
2014-10-03,17.014
2014-10-06,17.3747
2014-10-07,17.3047
2014-10-08,17.2853
2014-10-09,17.134
2014-10-10,15.794
2014-10-13,14.9727
2014-10-14,15.1373
2014-10-15,15.3133
2014-10-16,15.09
2014-10-17,15.1653
2014-10-20,15.3647
2014-10-21,15.6893
2014-10-22,15.4067
2014-10-23,15.686
2014-10-24,15.6827
2014-10-27,14.778
2014-10-28,16.1847
2014-10-29,15.8733
2014-10-30,15.9107
2014-10-31,16.1133
2014-11-03,16.1727
2014-11-04,15.9287
2014-11-05,15.398
2014-11-06,16.0813
2014-11-07,16.0133
2014-11-10,16.1287
2014-11-11,16.7387
2014-11-12,16.6067
2014-11-13,16.78
2014-11-14,17.2453
2014-11-17,16.932
2014-11-18,17.18
2014-11-19,16.516
2014-11-20,16.5807
2014-11-21,16.1853
2014-11-24,16.448
2014-11-25,16.5393
2014-11-26,16.5627
2014-11-28,16.3013
2014-12-01,15.4427
2014-12-02,15.4287
2014-12-03,15.2867
2014-12-04,15.2187
2014-12-05,14.914
2014-12-08,14.2907
2014-12-09,14.4593
2014-12-10,13.9893
2014-12-11,13.9253
2014-12-12,13.8
2014-12-15,13.6027
2014-12-16,13.1873
2014-12-17,13.7213
2014-12-18,14.5507
2014-12-19,14.6193
2014-12-22,14.84
2014-12-23,14.7313
2014-12-24,14.8173
2014-12-26,15.188
2014-12-29,15.0473
2014-12-30,14.8153
2014-12-31,14.8273
2015-01-02,14.6207
2015-01-05,14.006
2015-01-06,14.0853
2015-01-07,14.0633
2015-01-08,14.0413
2015-01-09,13.7773
2015-01-12,13.4807
2015-01-13,13.6167
2015-01-14,12.846
2015-01-15,12.7913
2015-01-16,12.8713
2015-01-20,12.7953
2015-01-21,13.1047
2015-01-22,13.4413
2015-01-23,13.4193
2015-01-26,13.77
2015-01-27,13.732
2015-01-28,13.2913
2015-01-29,13.68
2015-01-30,13.5733
2015-02-02,14.0627
2015-02-03,14.5573
2015-02-04,14.57
2015-02-05,14.7327
2015-02-06,14.4907
2015-02-09,14.4987
2015-02-10,14.4193
2015-02-11,14.1867
2015-02-12,13.5253
2015-02-13,13.5847
2015-02-17,13.6233
2015-02-18,13.6307
2015-02-19,14.114
2015-02-20,14.474
2015-02-23,13.8227
2015-02-24,13.6073
2015-02-25,13.584
2015-02-26,13.8127
2015-02-27,13.556
2015-03-02,13.1553
2015-03-03,13.304
2015-03-04,13.496
2015-03-05,13.3753
2015-03-06,12.9253
2015-03-09,12.7253
2015-03-10,12.688
2015-03-11,12.916
2015-03-12,12.738
2015-03-13,12.5787
2015-03-16,13.0467
2015-03-17,12.982
2015-03-18,13.3807
2015-03-19,13.0433
2015-03-20,13.2053
2015-03-23,13.3087
2015-03-24,13.448
2015-03-25,12.9533
2015-03-26,12.694
2015-03-27,12.3333
2015-03-30,12.7047
2015-03-31,12.5847
2015-04-01,12.506
2015-04-02,12.7333
2015-04-06,13.54
2015-04-07,13.55
2015-04-08,13.8447
2015-04-09,14.006
2015-04-10,14.06
2015-04-13,13.9853
2015-04-14,13.8307
2015-04-15,13.8553
2015-04-16,13.78
2015-04-17,13.786
2015-04-20,13.6847
2015-04-21,13.9607
2015-04-22,14.6293
2015-04-23,14.5733
2015-04-24,14.562
2015-04-27,15.4367
2015-04-28,15.3653
2015-04-29,15.4967
2015-04-30,15.07
2015-05-01,15.0687
2015-05-04,15.3673
2015-05-05,15.53
2015-05-06,15.362
2015-05-07,15.7867
2015-05-08,15.774
2015-05-11,15.966
2015-05-12,16.316
2015-05-13,16.212
2015-05-14,16.2733
2015-05-15,16.5893
2015-05-18,16.5833
2015-05-19,16.476
2015-05-20,16.29
2015-05-21,16.3747
2015-05-22,16.5153
2015-05-26,16.4973
2015-05-27,16.4953
2015-05-28,16.7633
2015-05-29,16.72
2015-06-01,16.63
2015-06-02,16.5567
2015-06-03,16.5993
2015-06-04,16.3947
2015-06-05,16.6093
2015-06-08,17.086
2015-06-09,17.0667
2015-06-10,16.7133
2015-06-11,16.7607
2015-06-12,16.7127
2015-06-15,16.692
2015-06-16,16.8747
2015-06-17,17.3607
2015-06-18,17.4593
2015-06-19,17.5007
2015-06-22,17.3193
2015-06-23,17.8447
2015-06-24,17.678
2015-06-25,17.9193
2015-06-26,17.806
2015-06-29,17.468
2015-06-30,17.884
2015-07-01,17.9433
2015-07-02,18.668
2015-07-06,18.648
2015-07-07,17.8587
2015-07-08,16.9973
2015-07-09,17.1947
2015-07-10,17.2767
2015-07-13,17.4773
2015-07-14,17.71
2015-07-15,17.5427
2015-07-16,17.7787
2015-07-17,18.3107
2015-07-20,18.8173
2015-07-21,17.7847
2015-07-22,17.858
2015-07-23,17.8133
2015-07-24,17.694
2015-07-27,16.8673
2015-07-28,17.6547
2015-07-29,17.588
2015-07-30,17.786
2015-07-31,17.7433
2015-08-03,17.3327
2015-08-04,17.752
2015-08-05,18.0087
2015-08-06,16.4087
2015-08-07,16.1673
2015-08-10,16.076
2015-08-11,15.8247
2015-08-12,15.878
2015-08-13,16.1673
2015-08-14,16.21
2015-08-17,16.9993
2015-08-18,17.3813
2015-08-19,17.0167
2015-08-20,16.1453
2015-08-21,15.3847
2015-08-24,14.5913
2015-08-25,14.6687
2015-08-26,14.9893
2015-08-27,16.1993
2015-08-28,16.5653
2015-08-31,16.604
2015-09-01,15.9087
2015-09-02,16.5127
2015-09-03,16.3713
2015-09-04,16.1287
2015-09-08,16.5447
2015-09-09,16.594
2015-09-10,16.5653
2015-09-11,16.6827
2015-09-14,16.8793
2015-09-15,16.9047
2015-09-16,17.4833
2015-09-17,17.4713
2015-09-18,17.3747
2015-09-21,17.6133
2015-09-22,17.396
2015-09-23,17.404
2015-09-24,17.5413
2015-09-25,17.1273
2015-09-28,16.562
2015-09-29,16.4433
2015-09-30,16.56
2015-10-01,15.992
2015-10-02,16.5047
2015-10-05,16.41
2015-10-06,16.0973
2015-10-07,15.464
2015-10-08,15.1147
2015-10-09,14.7127
2015-10-12,14.372
2015-10-13,14.6167
2015-10-14,14.4587
2015-10-15,14.754
2015-10-16,15.134
2015-10-19,15.2067
2015-10-20,14.202
2015-10-21,14.006
2015-10-22,14.1147
2015-10-23,13.9393
2015-10-26,14.3507
2015-10-27,14.0233
2015-10-28,14.1973
2015-10-29,14.1087
2015-10-30,13.7953
2015-11-02,14.2527
2015-11-03,13.89
2015-11-04,15.442
2015-11-05,15.4513
2015-11-06,15.4907
2015-11-09,15.022
2015-11-10,14.4333
2015-11-11,14.6053
2015-11-12,14.196
2015-11-13,13.8127
2015-11-16,14.2873
2015-11-17,14.2667
2015-11-18,14.738
2015-11-19,14.7867
2015-11-20,14.6673
2015-11-23,14.5167
2015-11-24,14.55
2015-11-25,15.3093
2015-11-27,15.4407
2015-11-30,15.3507
2015-12-01,15.8127
2015-12-02,15.466
2015-12-03,15.514
2015-12-04,15.3587
2015-12-07,15.4087
2015-12-08,15.1147
2015-12-09,14.968
2015-12-10,15.138
2015-12-11,14.468
2015-12-14,14.572
2015-12-15,14.7393
2015-12-16,15.634
2015-12-17,15.5593
2015-12-18,15.364
2015-12-21,15.504
2015-12-22,15.33
2015-12-23,15.3133
2015-12-24,15.3713
2015-12-28,15.2633
2015-12-29,15.8127
2015-12-30,15.8727
2015-12-31,16.0007
2016-01-04,14.894
2016-01-05,14.8953
2016-01-06,14.6027
2016-01-07,14.3767
2016-01-08,14.0667
2016-01-11,13.8567
2016-01-12,13.998
2016-01-13,13.354
2016-01-14,13.7453
2016-01-15,13.666
2016-01-19,13.648
2016-01-20,13.2467
2016-01-21,13.3313
2016-01-22,13.5033
2016-01-25,13.092
2016-01-26,12.904
2016-01-27,12.538
2016-01-28,12.6467
2016-01-29,12.7467
2016-02-01,13.1293
2016-02-02,12.1853
2016-02-03,11.5653
2016-02-04,11.6887
2016-02-05,10.84
2016-02-08,9.866
2016-02-09,9.8833
2016-02-10,9.578
2016-02-11,10.0313
2016-02-12,10.0693
2016-02-16,10.3447
2016-02-17,11.2453
2016-02-18,11.118
2016-02-19,11.1053
2016-02-22,11.8493
2016-02-23,11.814
2016-02-24,11.9333
2016-02-25,12.4953
2016-02-26,12.6893
2016-02-29,12.7953
2016-03-01,12.4233
2016-03-02,12.556
2016-03-03,13.0493
2016-03-04,13.4027
2016-03-07,13.686
2016-03-08,13.5067
2016-03-09,13.9147
2016-03-10,13.6787
2016-03-11,13.8333
2016-03-14,14.3433
2016-03-15,14.556
2016-03-16,14.7953
2016-03-17,15.092
2016-03-18,15.516
2016-03-21,15.888
2016-03-22,15.616
2016-03-23,14.8387
2016-03-24,15.1833
2016-03-28,15.3507
2016-03-29,15.342
2016-03-30,15.126
2016-03-31,15.318
2016-04-01,15.8393
2016-04-04,16.466
2016-04-05,17.0313
2016-04-06,17.6947
2016-04-07,17.1467
2016-04-08,16.6713
2016-04-11,16.6613
2016-04-12,16.5213
2016-04-13,16.9687
2016-04-14,16.7907
2016-04-15,16.9673
2016-04-18,16.9253
2016-04-19,16.4913
2016-04-20,16.6647
2016-04-21,16.5527
2016-04-22,16.9167
2016-04-25,16.788
2016-04-26,16.916
2016-04-27,16.7647
2016-04-28,16.514
2016-04-29,16.0507
2016-05-02,16.12
2016-05-03,15.488
2016-05-04,14.8373
2016-05-05,14.102
2016-05-06,14.3287
2016-05-09,13.928
2016-05-10,13.9127
2016-05-11,13.9307
2016-05-12,13.8187
2016-05-13,13.8407
2016-05-16,13.886
2016-05-17,13.644
2016-05-18,14.078
2016-05-19,14.3473
2016-05-20,14.6853
2016-05-23,14.4147
2016-05-24,14.5273
2016-05-25,14.6387
2016-05-26,15.008
2016-05-27,14.8693
2016-05-31,14.882
2016-06-01,14.6373
2016-06-02,14.5973
2016-06-03,14.5993
2016-06-06,14.712
2016-06-07,15.4893
2016-06-08,15.7013
2016-06-09,15.2907
2016-06-10,14.586
2016-06-13,14.5247
2016-06-14,14.3307
2016-06-15,14.5133
2016-06-16,14.5287
2016-06-17,14.3647
2016-06-20,14.6467
2016-06-21,14.6407
2016-06-22,13.1107
2016-06-23,13.0933
2016-06-24,12.8767
2016-06-27,13.2367
2016-06-28,13.4527
2016-06-29,14.0127
2016-06-30,14.152
2016-07-01,14.4333
2016-07-05,14.2653
2016-07-06,14.296
2016-07-07,14.396
2016-07-08,14.452
2016-07-11,14.9853
2016-07-12,14.9767
2016-07-13,14.8353
2016-07-14,14.7687
2016-07-15,14.6933
2016-07-18,15.0833
2016-07-19,15.0173
2016-07-20,15.224
2016-07-21,14.7
2016-07-22,14.818
2016-07-25,15.334
2016-07-26,15.3007
2016-07-27,15.2327
2016-07-28,15.374
2016-07-29,15.6527
2016-08-01,15.334
2016-08-02,15.1467
2016-08-03,15.0527
2016-08-04,15.374
2016-08-05,15.3353
2016-08-08,15.0773
2016-08-09,15.272
2016-08-10,15.0433
2016-08-11,14.994
2016-08-12,15.0407
2016-08-15,15.0393
2016-08-16,14.9073
2016-08-17,14.8827
2016-08-18,14.9007
2016-08-19,15.0
2016-08-22,14.862
2016-08-23,14.9893
2016-08-24,14.8413
2016-08-25,14.7307
2016-08-26,14.666
2016-08-29,14.3467
2016-08-30,14.0893
2016-08-31,14.134
2016-09-01,13.3847
2016-09-02,13.1853
2016-09-06,13.522
2016-09-07,13.4473
2016-09-08,13.1573
2016-09-09,12.9647
2016-09-12,13.22
2016-09-13,13.07
2016-09-14,13.094
2016-09-15,13.3613
2016-09-16,13.6933
2016-09-19,13.756
2016-09-20,13.6427
2016-09-21,13.6813
2016-09-22,13.762
2016-09-23,13.83
2016-09-26,13.9327
2016-09-27,13.7207
2016-09-28,13.7513
2016-09-29,13.38
2016-09-30,13.602
2016-10-03,14.2467
2016-10-04,14.094
2016-10-05,13.8973
2016-10-06,13.4
2016-10-07,13.1073
2016-10-10,13.3967
2016-10-11,13.34
2016-10-12,13.434
2016-10-13,13.3493
2016-10-14,13.1007
2016-10-17,12.9307
2016-10-18,13.2733
2016-10-19,13.5707
2016-10-20,13.2733
2016-10-21,13.3393
2016-10-24,13.5173
2016-10-25,13.4893
2016-10-26,13.4827
2016-10-27,13.6007
2016-10-28,13.3313
2016-10-31,13.182
2016-11-01,12.7193
2016-11-02,12.5347
2016-11-03,12.4947
2016-11-04,12.704
2016-11-07,12.8807
2016-11-08,12.996
2016-11-09,12.6707
2016-11-10,12.3567
2016-11-11,12.5707
2016-11-14,12.0967
2016-11-15,12.2513
2016-11-16,12.262
2016-11-17,12.5773
2016-11-18,12.3347
2016-11-21,12.3013
2016-11-22,12.7447
2016-11-23,12.876
2016-11-25,13.11
2016-11-28,13.0747
2016-11-29,12.638
2016-11-30,12.6267
2016-12-01,12.1253
2016-12-02,12.098
2016-12-05,12.4533
2016-12-06,12.39
2016-12-07,12.8767
2016-12-08,12.8193
2016-12-09,12.812
2016-12-12,12.8287
2016-12-13,13.21
2016-12-14,13.246
2016-12-15,13.172
2016-12-16,13.4993
2016-12-19,13.5153
2016-12-20,13.9193
2016-12-21,13.8467
2016-12-22,13.8967
2016-12-23,14.2227
2016-12-27,14.6353
2016-12-28,14.6493
2016-12-29,14.312
2016-12-30,14.246
2017-01-03,14.466
2017-01-04,15.1327
2017-01-05,15.1167
2017-01-06,15.2673
2017-01-09,15.4187
2017-01-10,15.3247
2017-01-11,15.3153
2017-01-12,15.306
2017-01-13,15.85
2017-01-17,15.7053
2017-01-18,15.8907
2017-01-19,16.2507
2017-01-20,16.3153
2017-01-23,16.5947
2017-01-24,16.974
2017-01-25,16.9647
2017-01-26,16.834
2017-01-27,16.8633
2017-01-30,16.7087
2017-01-31,16.7953
2017-02-01,16.616
2017-02-02,16.77
2017-02-03,16.7553
2017-02-06,17.1847
2017-02-07,17.1653
2017-02-08,17.472
2017-02-09,17.9467
2017-02-10,17.9487
2017-02-13,18.7067
2017-02-14,18.732
2017-02-15,18.6507
2017-02-16,17.93
2017-02-17,18.1487
2017-02-21,18.4927
2017-02-22,18.234
2017-02-23,17.066
2017-02-24,17.1333
2017-02-27,16.4153
2017-02-28,16.666
2017-03-01,16.668
2017-03-02,16.6987
2017-03-03,16.7713
2017-03-06,16.7473
2017-03-07,16.5727
2017-03-08,16.458
2017-03-09,16.3267
2017-03-10,16.246
2017-03-13,16.4113
2017-03-14,17.2
2017-03-15,17.0487
2017-03-16,17.47
2017-03-17,17.4333
2017-03-20,17.4613
2017-03-21,16.712
2017-03-22,17.0007
2017-03-23,16.9853
2017-03-24,17.544
2017-03-27,18.0147
2017-03-28,18.4967
2017-03-29,18.492
2017-03-30,18.528
2017-03-31,18.5533
2017-04-03,19.9013
2017-04-04,20.2467
2017-04-05,19.6667
2017-04-06,19.9133
2017-04-07,20.1693
2017-04-10,20.826
2017-04-11,20.5807
2017-04-12,19.7893
2017-04-13,20.2667
2017-04-17,20.096
2017-04-18,20.0167
2017-04-19,20.368
2017-04-20,20.1673
2017-04-21,20.3733
2017-04-24,20.5353
2017-04-25,20.9193
2017-04-26,20.678
2017-04-27,20.5753
2017-04-28,20.938
2017-05-01,21.522
2017-05-02,21.2593
2017-05-03,20.7347
2017-05-04,19.6973
2017-05-05,20.5567
2017-05-08,20.4793
2017-05-09,21.4173
2017-05-10,21.6813
2017-05-11,21.54
2017-05-12,21.654
2017-05-15,21.0587
2017-05-16,21.134
2017-05-17,20.4073
2017-05-18,20.8707
2017-05-19,20.722
2017-05-22,20.69
2017-05-23,20.2573
2017-05-24,20.6813
2017-05-25,21.122
2017-05-26,21.676
2017-05-30,22.34
2017-05-31,22.734
2017-06-01,22.6913
2017-06-02,22.6567
2017-06-05,23.1547
2017-06-06,23.5233
2017-06-07,23.9767
2017-06-08,24.6667
2017-06-09,23.8213
2017-06-12,23.934
2017-06-13,25.0633
2017-06-14,25.3773
2017-06-15,25.0227
2017-06-16,24.76
2017-06-19,24.6533
2017-06-20,24.816
2017-06-21,25.0933
2017-06-22,25.5073
2017-06-23,25.5633
2017-06-26,25.166
2017-06-27,24.158
2017-06-28,24.7493
2017-06-29,24.05
2017-06-30,24.1073
2017-07-03,23.508
2017-07-05,21.806
2017-07-06,20.5887
2017-07-07,20.8813
2017-07-10,21.07
2017-07-11,21.8147
2017-07-12,21.968
2017-07-13,21.5607
2017-07-14,21.852
2017-07-17,21.3047
2017-07-18,21.8827
2017-07-19,21.684
2017-07-20,21.9947
2017-07-21,21.8933
2017-07-24,22.8347
2017-07-25,22.64
2017-07-26,22.9233
2017-07-27,22.2973
2017-07-28,22.338
2017-07-31,21.5647
2017-08-01,21.3047
2017-08-02,21.726
2017-08-03,23.1393
2017-08-04,23.794
2017-08-07,23.678
2017-08-08,24.348
2017-08-09,24.2353
2017-08-10,23.6933
2017-08-11,23.858
2017-08-14,24.2533
2017-08-15,24.1553
2017-08-16,24.194
2017-08-17,23.4613
2017-08-18,23.164
2017-08-21,22.524
2017-08-22,22.7567
2017-08-23,23.518
2017-08-24,23.5287
2017-08-25,23.2033
2017-08-28,23.044
2017-08-29,23.1573
2017-08-30,23.5453
2017-08-31,23.7267
2017-09-01,23.6933
2017-09-05,23.306
2017-09-06,22.9687
2017-09-07,23.374
2017-09-08,22.8933
2017-09-11,24.246
2017-09-12,24.1833
2017-09-13,24.4153
2017-09-14,25.176
2017-09-15,25.3207
2017-09-18,25.6667
2017-09-19,25.0067
2017-09-20,24.9273
2017-09-21,24.432
2017-09-22,23.406
2017-09-25,22.9993
2017-09-26,23.0167
2017-09-27,22.7313
2017-09-28,22.64
2017-09-29,22.74
2017-10-02,22.7687
2017-10-03,23.2093
2017-10-04,23.6673
2017-10-05,23.6887
2017-10-06,23.792
2017-10-09,22.8627
2017-10-10,23.706
2017-10-11,23.64
2017-10-12,23.712
2017-10-13,23.7047
2017-10-16,23.3733
2017-10-17,23.7167
2017-10-18,23.9767
2017-10-19,23.454
2017-10-20,23.0067
2017-10-23,22.468
2017-10-24,22.4893
2017-10-25,21.7227
2017-10-26,21.7447
2017-10-27,21.3913
2017-10-30,21.3387
2017-10-31,22.102
2017-11-01,21.4053
2017-11-02,19.9507
2017-11-03,20.406
2017-11-06,20.1853
2017-11-07,20.4033
2017-11-08,20.2927
2017-11-09,20.1993
2017-11-10,20.1993
2017-11-13,21.0267
2017-11-14,20.58
2017-11-15,20.7533
2017-11-16,20.8333
2017-11-17,21.0033
2017-11-20,20.5827
2017-11-21,21.1873
2017-11-22,20.84
2017-11-24,21.0367
2017-11-27,21.1207
2017-11-28,21.17
2017-11-29,20.5027
2017-11-30,20.59
2017-12-01,20.4353
2017-12-04,20.3467
2017-12-05,20.2467
2017-12-06,20.884
2017-12-07,20.7493
2017-12-08,21.0087
2017-12-11,21.9273
2017-12-12,22.7353
2017-12-13,22.602
2017-12-14,22.526
2017-12-15,22.8967
2017-12-18,22.5913
2017-12-19,22.0733
2017-12-20,21.932
2017-12-21,22.1107
2017-12-22,21.68
2017-12-26,21.1527
2017-12-27,20.776
2017-12-28,21.024
2017-12-29,20.7567
2018-01-02,21.3687
2018-01-03,21.15
2018-01-04,20.9747
2018-01-05,21.1053
2018-01-08,22.4273
2018-01-09,22.246
2018-01-10,22.32
2018-01-11,22.53
2018-01-12,22.4147
2018-01-16,22.6707
2018-01-17,23.144
2018-01-18,22.9713
2018-01-19,23.3347
2018-01-22,23.4373
2018-01-23,23.5193
2018-01-24,23.0593
2018-01-25,22.5093
2018-01-26,22.8567
2018-01-29,23.302
2018-01-30,23.0547
2018-01-31,23.6207
2018-02-01,23.2833
2018-02-02,22.9167
2018-02-05,22.2087
2018-02-06,22.2647
2018-02-07,23.0
2018-02-08,21.0153
2018-02-09,20.6947
2018-02-12,21.0487
2018-02-13,21.5773
2018-02-14,21.4873
2018-02-15,22.2713
2018-02-16,22.366
2018-02-20,22.318
2018-02-21,22.22
2018-02-22,23.078
2018-02-23,23.47
2018-02-26,23.828
2018-02-27,23.3993
2018-02-28,22.8707
2018-03-01,22.062
2018-03-02,22.3413
2018-03-05,22.2233
2018-03-06,21.88
2018-03-07,22.1533
2018-03-08,21.94
2018-03-09,21.8113
2018-03-12,23.034
2018-03-13,22.7893
2018-03-14,21.7753
2018-03-15,21.7067
2018-03-16,21.4233
2018-03-19,20.904
2018-03-20,20.7033
2018-03-21,21.102
2018-03-22,20.6067
2018-03-23,20.1027
2018-03-26,20.2787
2018-03-27,18.612
2018-03-28,17.1853
2018-03-29,17.742
2018-04-02,16.832
2018-04-03,17.8353
2018-04-04,19.1293
2018-04-05,20.3813
2018-04-06,19.9533
2018-04-09,19.3107
2018-04-10,20.3133
2018-04-11,20.062
2018-04-12,19.6053
2018-04-13,20.0227
2018-04-16,19.414
2018-04-17,19.1793
2018-04-18,19.5567
2018-04-19,20.0053
2018-04-20,19.3493
2018-04-23,18.8913
2018-04-24,18.8973
2018-04-25,18.7127
2018-04-26,19.032
2018-04-27,19.6053
2018-04-30,19.5933
2018-05-01,19.9947
2018-05-02,20.0767
2018-05-03,18.9633
2018-05-04,19.606
2018-05-07,20.1847
2018-05-08,20.1313
2018-05-09,20.4567
2018-05-10,20.3347
2018-05-11,20.0707
2018-05-14,19.4647
2018-05-15,18.9453
2018-05-16,19.0987
2018-05-17,18.9693
2018-05-18,18.4547
2018-05-21,18.966
2018-05-22,18.334
2018-05-23,18.6047
2018-05-24,18.5233
2018-05-25,18.59
2018-05-29,18.9173
2018-05-30,19.448
2018-05-31,18.982
2018-06-01,19.4547
2018-06-04,19.7827
2018-06-05,19.4087
2018-06-06,21.3
2018-06-07,21.0727
2018-06-08,21.1773
2018-06-11,22.14
2018-06-12,22.8513
2018-06-13,22.9853
2018-06-14,23.848
2018-06-15,23.878
2018-06-18,24.722
2018-06-19,23.5033
2018-06-20,24.148
2018-06-21,23.1673
2018-06-22,22.242
2018-06-25,22.2007
2018-06-26,22.8
2018-06-27,22.9667
2018-06-28,23.3287
2018-06-29,22.8633
2018-07-02,22.338
2018-07-03,20.724
2018-07-05,20.6107
2018-07-06,20.5933
2018-07-09,21.234
2018-07-10,21.498
2018-07-11,21.264
2018-07-12,21.114
2018-07-13,21.258
2018-07-16,20.6733
2018-07-17,21.5127
2018-07-18,21.59
2018-07-19,21.3487
2018-07-20,20.9053
2018-07-23,20.2133
2018-07-24,19.8287
2018-07-25,20.5827
2018-07-26,20.4433
2018-07-27,19.812
2018-07-30,19.3447
2018-07-31,19.876
2018-08-01,20.056
2018-08-02,23.3027
2018-08-03,23.2113
2018-08-06,22.7993
2018-08-07,25.3047
2018-08-08,24.6893
2018-08-09,23.4967
2018-08-10,23.6993
2018-08-13,23.7607
2018-08-14,23.176
2018-08-15,22.5793
2018-08-16,22.3633
2018-08-17,20.3667
2018-08-20,20.5627
2018-08-21,21.46
2018-08-22,21.4427
2018-08-23,21.34
2018-08-24,21.5213
2018-08-27,21.2847
2018-08-28,20.7907
2018-08-29,20.334
2018-08-30,20.21
2018-08-31,20.1107
2018-09-04,19.2633
2018-09-05,18.716
2018-09-06,18.73
2018-09-07,17.5493
2018-09-10,19.0333
2018-09-11,18.6293
2018-09-12,19.3693
2018-09-13,19.2973
2018-09-14,19.68
2018-09-17,19.656
2018-09-18,18.9973
2018-09-19,19.9347
2018-09-20,19.8887
2018-09-21,19.94
2018-09-24,19.9787
2018-09-25,20.066
2018-09-26,20.6387
2018-09-27,20.5013
2018-09-28,17.6513
2018-10-01,20.7133
2018-10-02,20.068
2018-10-03,19.6533
2018-10-04,18.7887
2018-10-05,17.4633
2018-10-08,16.704
2018-10-09,17.52
2018-10-10,17.1253
2018-10-11,16.8153
2018-10-12,17.252
2018-10-15,17.306
2018-10-16,18.4393
2018-10-17,18.1187
2018-10-18,17.594
2018-10-19,17.3333
2018-10-22,17.3967
2018-10-23,19.6093
2018-10-24,19.2333
2018-10-25,20.9907
2018-10-26,22.06
2018-10-29,22.3233
2018-10-30,21.9933
2018-10-31,22.488
2018-11-01,22.952
2018-11-02,23.094
2018-11-05,22.76
2018-11-06,22.7373
2018-11-07,23.2107
2018-11-08,23.4267
2018-11-09,23.3673
2018-11-12,22.0853
2018-11-13,22.582
2018-11-14,22.9333
2018-11-15,23.2293
2018-11-16,23.6207
2018-11-19,23.5647
2018-11-20,23.166
2018-11-21,22.546
2018-11-23,21.722
2018-11-26,23.0667
2018-11-27,22.928
2018-11-28,23.1913
2018-11-29,22.7447
2018-11-30,23.3653
2018-12-03,23.8993
2018-12-04,23.98
2018-12-06,24.204
2018-12-07,23.8647
2018-12-10,24.3433
2018-12-11,24.4507
2018-12-12,24.44
2018-12-13,25.1193
2018-12-14,24.3807
2018-12-17,23.228
2018-12-18,22.4687
2018-12-19,22.198
2018-12-20,21.0253
2018-12-21,21.318
2018-12-24,19.6927
2018-12-26,21.7393
2018-12-27,21.0753
2018-12-28,22.258
2018-12-31,22.1867
2019-01-02,20.6747
2019-01-03,20.024
2019-01-04,21.1793
2019-01-07,22.3307
2019-01-08,22.3567
2019-01-09,22.5687
2019-01-10,22.998
2019-01-11,23.1507
2019-01-14,22.2933
2019-01-15,22.962
2019-01-16,23.07
2019-01-17,23.154
2019-01-18,20.1507
2019-01-22,19.928
2019-01-23,19.1727
2019-01-24,19.434
2019-01-25,19.8027
2019-01-28,19.7587
2019-01-29,19.8307
2019-01-30,20.5847
2019-01-31,20.468
2019-02-01,20.814
2019-02-04,20.8593
2019-02-05,21.4233
2019-02-06,21.148
2019-02-07,20.5007
2019-02-08,20.3867
2019-02-11,20.856
2019-02-12,20.7873
2019-02-13,20.5447
2019-02-14,20.2513
2019-02-15,20.5253
2019-02-19,20.376
2019-02-20,20.1707
2019-02-21,19.4153
2019-02-22,19.6473
2019-02-25,19.918
2019-02-26,19.8573
2019-02-27,20.9827
2019-02-28,21.3253
2019-03-01,19.6527
2019-03-04,19.024
2019-03-05,18.436
2019-03-06,18.416
2019-03-07,18.4393
2019-03-08,18.9427
2019-03-11,19.3947
2019-03-12,18.8907
2019-03-13,19.264
2019-03-14,19.3307
2019-03-15,18.362
2019-03-18,17.966
2019-03-19,17.8313
2019-03-20,18.24
2019-03-21,18.268
2019-03-22,17.6353
2019-03-25,17.3613
2019-03-26,17.8513
2019-03-27,18.322
2019-03-28,18.5747
2019-03-29,18.6573
2019-04-01,19.2787
2019-04-02,19.0587
2019-04-03,19.454
2019-04-04,17.852
2019-04-05,18.3307
2019-04-08,18.2133
2019-04-09,18.154
2019-04-10,18.404
2019-04-11,17.8947
2019-04-12,17.8467
2019-04-15,17.7587
2019-04-16,18.224
2019-04-17,18.082
2019-04-18,18.2173
2019-04-22,17.5167
2019-04-23,17.5933
2019-04-24,17.244
2019-04-25,16.5087
2019-04-26,15.676
2019-04-29,16.098
2019-04-30,15.9127
2019-05-01,15.6007
2019-05-02,16.2733
2019-05-03,17.002
2019-05-06,17.0227
2019-05-07,16.4707
2019-05-08,16.3227
2019-05-09,16.132
2019-05-10,15.968
2019-05-13,15.134
2019-05-14,15.4873
2019-05-15,15.4633
2019-05-16,15.222
2019-05-17,14.0687
2019-05-20,13.6907
2019-05-21,13.672
2019-05-22,12.8487
2019-05-23,13.0327
2019-05-24,12.7087
2019-05-28,12.58
2019-05-29,12.6573
2019-05-30,12.548
2019-05-31,12.344
2019-06-03,11.9313
2019-06-04,12.9067
2019-06-05,13.106
2019-06-06,13.73
2019-06-07,13.6333
2019-06-10,14.192
2019-06-11,14.4733
2019-06-12,13.9507
2019-06-13,14.2607
2019-06-14,14.328
2019-06-17,15.002
2019-06-18,14.9827
2019-06-19,15.0953
2019-06-20,14.6413
2019-06-21,14.7907
2019-06-24,14.9093
2019-06-25,14.6507
2019-06-26,14.618
2019-06-27,14.856
2019-06-28,14.8973
2019-07-01,15.1447
2019-07-02,14.97
2019-07-03,15.66
2019-07-05,15.54
2019-07-08,15.356
2019-07-09,15.3373
2019-07-10,15.928
2019-07-11,15.9067
2019-07-12,16.3387
2019-07-15,16.9
2019-07-16,16.8253
2019-07-17,16.9907
2019-07-18,16.9027
2019-07-19,17.212
2019-07-22,17.0453
2019-07-23,17.3447
2019-07-24,17.6587
2019-07-25,15.2547
2019-07-26,15.2027
2019-07-29,15.718
2019-07-30,16.1507
2019-07-31,16.1073
2019-08-01,15.59
2019-08-02,15.6227
2019-08-05,15.2213
2019-08-06,15.3833
2019-08-07,15.5613
2019-08-08,15.8867
2019-08-09,15.6673
2019-08-12,15.2673
2019-08-13,15.6667
2019-08-14,14.6413
2019-08-15,14.376
2019-08-16,14.6627
2019-08-19,15.122
2019-08-20,15.0573
2019-08-21,14.722
2019-08-22,14.81
2019-08-23,14.0933
2019-08-26,14.3333
2019-08-27,14.272
2019-08-28,14.3727
2019-08-29,14.7807
2019-08-30,15.0407
2019-09-03,15.0007
2019-09-04,14.712
2019-09-05,15.3053
2019-09-06,15.1633
2019-09-09,15.4527
2019-09-10,15.7027
2019-09-11,16.4733
2019-09-12,16.3913
2019-09-13,16.3467
2019-09-16,16.1873
2019-09-17,16.3193
2019-09-18,16.2327
2019-09-19,16.44
2019-09-20,16.0413
2019-09-23,16.082
2019-09-24,14.8807
2019-09-25,15.2467
2019-09-26,16.1707
2019-09-27,16.142
2019-09-30,16.058
2019-10-01,16.3127
2019-10-02,16.2087
2019-10-03,15.5353
2019-10-04,15.4287
2019-10-07,15.848
2019-10-08,16.0033
2019-10-09,16.302
2019-10-10,16.316
2019-10-11,16.526
2019-10-14,17.1307
2019-10-15,17.1927
2019-10-16,17.3167
2019-10-17,17.4647
2019-10-18,17.13
2019-10-21,16.9
2019-10-22,17.0387
2019-10-23,16.9787
2019-10-24,19.9787
2019-10-25,21.8753
2019-10-28,21.8473
2019-10-29,21.0813
2019-10-30,21.0007
2019-10-31,20.9947
2019-11-01,20.8873
2019-11-04,21.1647
2019-11-05,21.148
2019-11-06,21.772
2019-11-07,22.3693
2019-11-08,22.476
2019-11-11,23.006
2019-11-12,23.3287
2019-11-13,23.074
2019-11-14,23.29
2019-11-15,23.478
2019-11-18,23.3327
2019-11-19,23.968
2019-11-20,23.4813
2019-11-21,23.6553
2019-11-22,22.2027
2019-11-25,22.4227
2019-11-26,21.928
2019-11-27,22.086
2019-11-29,21.996
2019-12-02,22.3247
2019-12-03,22.4133
2019-12-04,22.202
2019-12-05,22.0247
2019-12-06,22.3927
2019-12-09,22.6353
2019-12-10,23.256
2019-12-11,23.5133
2019-12-12,23.9787
2019-12-13,23.8927
2019-12-16,25.4333
2019-12-17,25.266
2019-12-18,26.21
2019-12-19,26.936
2019-12-20,27.0393
2019-12-23,27.948
2019-12-24,28.35
2019-12-26,28.7293
2019-12-27,28.692
2019-12-30,27.6467
2019-12-31,27.8887
2020-01-02,28.684
2020-01-03,29.534
2020-01-06,30.1027
2020-01-07,31.2707
2020-01-08,32.8093
2020-01-09,32.0893
2020-01-10,31.8767
2020-01-13,34.9907
2020-01-14,35.8613
2020-01-15,34.5667
2020-01-16,34.2327
2020-01-17,34.0333
2020-01-21,36.48
2020-01-22,37.9707
2020-01-23,38.1467
2020-01-24,37.6547
2020-01-27,37.2013
2020-01-28,37.7933
2020-01-29,38.7327
2020-01-30,42.7207
2020-01-31,43.3713
2020-02-03,52.0
2020-02-04,59.1373
2020-02-05,48.98
2020-02-06,49.9307
2020-02-07,49.8713
2020-02-10,51.4187
2020-02-11,51.6253
2020-02-12,51.1527
2020-02-13,53.6
2020-02-14,53.3353
2020-02-18,57.2267
2020-02-19,61.1613
2020-02-20,59.9607
2020-02-21,60.0667
2020-02-24,55.586
2020-02-25,53.3273
2020-02-26,51.92
2020-02-27,45.2667
2020-02-28,44.5327
2020-03-02,49.5747
2020-03-03,49.7007
2020-03-04,49.9667
2020-03-05,48.3027
2020-03-06,46.8987
2020-03-09,40.5333
2020-03-10,43.022
2020-03-11,42.282
2020-03-12,37.37
2020-03-13,36.4413
2020-03-16,29.6713
2020-03-17,28.68
2020-03-18,24.0813
2020-03-19,28.5093
2020-03-20,28.502
2020-03-23,28.9527
2020-03-24,33.6667
2020-03-25,35.95
2020-03-26,35.2107
2020-03-27,34.2907
2020-03-30,33.4753
2020-03-31,34.9333
2020-04-01,32.104
2020-04-02,30.298
2020-04-03,32.0007
2020-04-06,34.416
2020-04-07,36.3633
2020-04-08,36.5893
2020-04-09,38.2
2020-04-13,43.3967
2020-04-14,47.326
2020-04-15,48.6553
2020-04-16,49.6807
2020-04-17,50.2593
2020-04-20,49.7573
2020-04-21,45.7813
2020-04-22,48.8073
2020-04-23,47.042
2020-04-24,48.3433
2020-04-27,53.25
2020-04-28,51.2747
2020-04-29,53.3673
2020-04-30,52.1253
2020-05-01,46.7547
2020-05-04,50.746
2020-05-05,51.214
2020-05-06,52.172
2020-05-07,52.0027
2020-05-08,54.628
2020-05-11,54.086
2020-05-12,53.9607
2020-05-13,52.7307
2020-05-14,53.5553
2020-05-15,53.278
2020-05-18,54.242
2020-05-19,53.8673
2020-05-20,54.3707
2020-05-21,55.1733
2020-05-22,54.4587
2020-05-26,54.5913
2020-05-27,54.682
2020-05-28,53.7207
2020-05-29,55.6667
2020-06-01,59.8733
2020-06-02,58.7707
2020-06-03,58.864
2020-06-04,57.6253
2020-06-05,59.044
2020-06-08,63.328
2020-06-09,62.7113
2020-06-10,68.3367
2020-06-11,64.856
2020-06-12,62.352
2020-06-15,66.06
2020-06-16,65.4753
2020-06-17,66.1193
2020-06-18,66.9307
2020-06-19,66.7267
2020-06-22,66.288
2020-06-23,66.7853
2020-06-24,64.0567
2020-06-25,65.732
2020-06-26,63.9827
2020-06-29,67.29
2020-06-30,71.9873
2020-07-01,74.642
2020-07-02,80.5773
2020-07-06,91.4387
2020-07-07,92.6573
2020-07-08,91.0587
2020-07-09,92.952
2020-07-10,102.9767
2020-07-13,99.804
2020-07-14,101.12
2020-07-15,103.0673
2020-07-16,100.0427
2020-07-17,100.056
2020-07-20,109.5333
2020-07-21,104.5573
2020-07-22,106.1553
2020-07-23,100.8713
2020-07-24,94.4667
2020-07-27,102.64
2020-07-28,98.4327
2020-07-29,99.9407
2020-07-30,99.166
2020-07-31,95.384
2020-08-03,99.0
2020-08-04,99.1333
2020-08-05,99.0013
2020-08-06,99.3053
2020-08-07,96.8473
2020-08-10,94.5713
2020-08-11,91.626
2020-08-12,103.6507
2020-08-13,108.0667
2020-08-14,110.0473
2020-08-17,122.376
2020-08-18,125.806
2020-08-19,125.2353
2020-08-20,133.4553
2020-08-21,136.6653
2020-08-24,134.28
2020-08-25,134.8893
2020-08-26,143.5447
2020-08-27,149.25
2020-08-28,147.56
2020-08-31,166.1067
2020-09-01,158.35
2020-09-02,149.1233
2020-09-03,135.6667
2020-09-04,139.44
2020-09-08,110.07
2020-09-09,122.0933
2020-09-10,123.78
2020-09-11,124.24
2020-09-14,139.8733
2020-09-15,149.92
2020-09-16,147.2533
2020-09-17,141.1433
2020-09-18,147.3833
2020-09-21,149.7967
2020-09-22,141.41
2020-09-23,126.7867
2020-09-24,129.2633
2020-09-25,135.78
2020-09-28,140.4
2020-09-29,139.69
2020-09-30,143.0033
2020-10-01,149.3867
2020-10-02,138.3633
2020-10-05,141.8933
2020-10-06,137.9933
2020-10-07,141.7667
2020-10-08,141.9733
2020-10-09,144.6667
2020-10-12,147.4333
2020-10-13,148.8833
2020-10-14,153.7667
2020-10-15,149.6267
2020-10-16,146.5567
2020-10-19,143.61
2020-10-20,140.6467
2020-10-21,140.88
2020-10-22,141.93
2020-10-23,140.21
2020-10-26,140.0933
2020-10-27,141.56
2020-10-28,135.34
2020-10-29,136.9433
2020-10-30,129.3467
2020-11-02,133.5033
2020-11-03,141.3
2020-11-04,140.3267
2020-11-05,146.03
2020-11-06,143.3167
2020-11-09,140.42
2020-11-10,136.7867
2020-11-11,139.0433
2020-11-12,137.2533
2020-11-13,136.1667
2020-11-16,136.03
2020-11-17,147.2033
2020-11-18,162.2133
2020-11-19,166.4233
2020-11-20,163.2033
2020-11-23,173.95
2020-11-24,185.1267
2020-11-25,191.3333
2020-11-27,195.2533
2020-11-30,189.2
2020-12-01,194.92
2020-12-02,189.6067
2020-12-03,197.7933
2020-12-04,199.68
2020-12-07,213.92
2020-12-08,216.6267
2020-12-09,201.4933
2020-12-10,209.0233
2020-12-11,203.33
2020-12-14,213.2767
2020-12-15,211.0833
2020-12-16,207.59
2020-12-17,218.6333
2020-12-18,231.6667
2020-12-21,216.62
2020-12-22,213.4467
2020-12-23,215.3267
2020-12-24,220.59
2020-12-28,221.23
2020-12-29,221.9967
2020-12-30,231.5933
2020-12-31,235.2233
2021-01-04,243.2567
2021-01-05,245.0367
2021-01-06,251.9933
2021-01-07,272.0133
2021-01-08,293.34
2021-01-11,270.3967
2021-01-12,283.1467
2021-01-13,284.8033
2021-01-14,281.6667
2021-01-15,275.3867
2021-01-19,281.5167
2021-01-20,283.4833
2021-01-21,281.6633
2021-01-22,282.2133
2021-01-25,293.6
2021-01-26,294.3633
2021-01-27,288.0533
2021-01-28,278.4767
2021-01-29,264.51
2021-02-01,279.9367
2021-02-02,290.93
2021-02-03,284.8967
2021-02-04,283.33
2021-02-05,284.0767
2021-02-08,287.8067
2021-02-09,283.1533
2021-02-10,268.2733
2021-02-11,270.5533
2021-02-12,272.04
2021-02-16,265.4067
2021-02-17,266.05
2021-02-18,262.46
2021-02-19,260.4333
2021-02-22,238.1667
2021-02-23,232.9467
2021-02-24,247.34
2021-02-25,227.4067
2021-02-26,225.1667
2021-03-01,239.4767
2021-03-02,228.8133
2021-03-03,217.7333
2021-03-04,207.1467
2021-03-05,199.3167
2021-03-08,187.6667
2021-03-09,224.5267
2021-03-10,222.6867
2021-03-11,233.2
2021-03-12,231.2433
2021-03-15,235.98
2021-03-16,225.6267
2021-03-17,233.9367
2021-03-18,217.72
2021-03-19,218.29
2021-03-22,223.3333
2021-03-23,220.72
2021-03-24,210.09
2021-03-25,213.4633
2021-03-26,206.2367
2021-03-29,203.7633
2021-03-30,211.8733
2021-03-31,222.6433
2021-04-01,220.5833
2021-04-05,230.35
2021-04-06,230.54
2021-04-07,223.6567
2021-04-08,227.9333
2021-04-09,225.6733
2021-04-12,233.9933
2021-04-13,254.1067
2021-04-14,244.0767
2021-04-15,246.2833
2021-04-16,246.5933
2021-04-19,238.21
2021-04-20,239.6633
2021-04-21,248.04
2021-04-22,239.8967
2021-04-23,243.1333
2021-04-26,246.0667
2021-04-27,234.9133
2021-04-28,231.4667
2021-04-29,225.6667
2021-04-30,236.48
2021-05-03,228.3
2021-05-04,224.5333
2021-05-05,223.6467
2021-05-06,221.18
2021-05-07,224.1233
2021-05-10,209.68
2021-05-11,205.7333
2021-05-12,196.63
2021-05-13,190.5633
2021-05-14,196.58
2021-05-17,192.2767
2021-05-18,192.6233
2021-05-19,187.82
2021-05-20,195.5933
2021-05-21,193.6267
2021-05-24,202.1467
2021-05-25,201.5633
2021-05-26,206.3767
2021-05-27,210.2833
2021-05-28,208.4067
2021-06-01,207.9667
2021-06-02,201.7067
2021-06-03,190.9467
2021-06-04,199.6833
2021-06-07,201.71
2021-06-08,201.1967
2021-06-09,199.5933
2021-06-10,203.3733
2021-06-11,203.2967
2021-06-14,205.8967
2021-06-15,199.7867
2021-06-16,201.6233
2021-06-17,205.5333
2021-06-18,207.77
2021-06-21,206.9433
2021-06-22,207.9033
2021-06-23,218.8567
2021-06-24,226.6067
2021-06-25,223.9567
2021-06-28,229.5733
2021-06-29,226.92
2021-06-30,226.5667
2021-07-01,225.9733
2021-07-02,226.3
2021-07-06,219.86
2021-07-07,214.8833
2021-07-08,217.6033
2021-07-09,218.9833
2021-07-12,228.5667
2021-07-13,222.8467
2021-07-14,217.7933
2021-07-15,216.8667
2021-07-16,214.74
2021-07-19,215.4067
2021-07-20,220.1667
2021-07-21,218.43
2021-07-22,216.42
2021-07-23,214.46
2021-07-26,219.2067
2021-07-27,214.9267
2021-07-28,215.66
2021-07-29,225.7833
2021-07-30,229.0667
2021-08-02,236.5567
2021-08-03,236.58
2021-08-04,236.9733
2021-08-05,238.21
2021-08-06,233.0333
2021-08-09,237.92
2021-08-10,236.6633
2021-08-11,235.94
2021-08-12,240.75
2021-08-13,239.0567
2021-08-16,228.7233
2021-08-17,221.9033
2021-08-18,229.6633
2021-08-19,224.49
2021-08-20,226.7533
2021-08-23,235.4333
2021-08-24,236.1633
2021-08-25,237.0667
2021-08-26,233.72
2021-08-27,237.3067
2021-08-30,243.6367
2021-08-31,245.24
2021-09-01,244.6967
2021-09-02,244.13
2021-09-03,244.5233
2021-09-07,250.9733
2021-09-08,251.29
2021-09-09,251.62
2021-09-10,245.4233
2021-09-13,247.6667
2021-09-14,248.1633
2021-09-15,251.9433
2021-09-16,252.33
2021-09-17,253.1633
2021-09-20,243.39
2021-09-21,246.46
2021-09-22,250.6467
2021-09-23,251.2133
2021-09-24,258.13
2021-09-27,263.7867
2021-09-28,259.1867
2021-09-29,260.4367
2021-09-30,258.4933
2021-10-01,258.4067
2021-10-04,260.51
2021-10-05,260.1967
2021-10-06,260.9167
2021-10-07,264.5367
2021-10-08,261.83
2021-10-11,263.98
2021-10-12,268.5733
2021-10-13,270.36
2021-10-14,272.7733
2021-10-15,281.01
2021-10-18,290.0367
2021-10-19,288.09
2021-10-20,288.6
2021-10-21,298.0
2021-10-22,303.2267
2021-10-25,341.62
2021-10-26,339.4767
2021-10-27,345.9533
2021-10-28,359.0133
2021-10-29,371.3333
2021-11-01,402.8633
2021-11-02,390.6667
2021-11-03,404.62
2021-11-04,409.97
2021-11-05,407.3633
2021-11-08,387.6467
2021-11-09,341.1667
2021-11-10,355.9833
2021-11-11,354.5033
2021-11-12,344.4733
2021-11-15,337.7967
2021-11-16,351.5767
2021-11-17,363.0033
2021-11-18,365.46
2021-11-19,379.02
2021-11-22,385.6233
2021-11-23,369.6767
2021-11-24,372.0
2021-11-26,360.64
2021-11-29,378.9967
2021-11-30,381.5867
2021-12-01,365.0
2021-12-02,361.5333
2021-12-03,338.3233
2021-12-06,336.3367
2021-12-07,350.5833
2021-12-08,356.32
2021-12-09,334.6
2021-12-10,339.01
2021-12-13,322.1367
2021-12-14,319.5033
2021-12-15,325.33
2021-12-16,308.9733
2021-12-17,310.8567
2021-12-20,299.98
2021-12-21,312.8433
2021-12-22,336.29
2021-12-23,355.6667
2021-12-27,364.6467
2021-12-28,362.8233
2021-12-29,362.0633
2021-12-30,356.78
2021-12-31,352.26
2022-01-03,399.9267
2022-01-04,383.1967
2022-01-05,362.7067
2022-01-06,354.9
2022-01-07,342.32
2022-01-10,352.7067
2022-01-11,354.8
2022-01-12,368.74
2022-01-13,343.8533
2022-01-14,349.87
2022-01-18,343.5033
2022-01-19,331.8833
2022-01-20,332.09
2022-01-21,314.6333
2022-01-24,310.0
2022-01-25,306.1333
2022-01-26,312.47
2022-01-27,276.3667
2022-01-28,282.1167
2022-01-31,312.24
2022-02-01,310.4167
2022-02-02,301.8867
2022-02-03,297.0467
2022-02-04,307.7733
2022-02-07,302.4467
2022-02-08,307.3333
2022-02-09,310.6667
2022-02-10,301.5167
2022-02-11,286.6667
2022-02-14,291.92
2022-02-15,307.4767
2022-02-16,307.7967
2022-02-17,292.1167
2022-02-18,285.66
2022-02-22,273.8433
2022-02-23,254.68
2022-02-24,266.9233
2022-02-25,269.9567
2022-02-28,290.1433
2022-03-01,288.1233
2022-03-02,293.2967
2022-03-03,279.7633
2022-03-04,279.43
2022-03-07,268.1933
2022-03-08,274.8
2022-03-09,286.3233
2022-03-10,279.4333
2022-03-11,265.1167
2022-03-14,255.4567
2022-03-15,267.2967
2022-03-16,280.0767
2022-03-17,290.5333
2022-03-18,301.7967
2022-03-21,307.0533
2022-03-22,331.3267
2022-03-23,333.0367
2022-03-24,337.9733
2022-03-25,336.88
2022-03-28,363.9467
2022-03-29,366.5233
2022-03-30,364.6633
2022-03-31,359.2
2022-04-01,361.53
2022-04-04,381.8167
2022-04-05,363.7533
2022-04-06,348.5867
2022-04-07,352.42
2022-04-08,341.83
2022-04-11,325.31
2022-04-12,328.9833
2022-04-13,340.79
2022-04-14,328.3333
2022-04-18,334.7633
2022-04-19,342.7167
2022-04-20,325.7333
2022-04-21,336.26
2022-04-22,335.0167
2022-04-25,332.6733
2022-04-26,292.14
2022-04-27,293.8367
2022-04-28,292.5033
2022-04-29,290.2533
2022-05-02,300.98
2022-05-03,303.0833
2022-05-04,317.54
2022-05-05,291.0933
2022-05-06,288.55
2022-05-09,262.37
2022-05-10,266.68
2022-05-11,244.6667
2022-05-12,242.6667
2022-05-13,256.53
2022-05-16,241.4567
2022-05-17,253.87
2022-05-18,236.6033
2022-05-19,236.4733
2022-05-20,221.3
2022-05-23,224.9667
2022-05-24,209.3867
2022-05-25,219.6
2022-05-26,235.91
2022-05-27,253.21
2022-05-31,252.7533
2022-06-01,246.79
2022-06-02,258.3333
2022-06-03,234.5167
2022-06-06,238.28
2022-06-07,238.8867
2022-06-08,241.8667
2022-06-09,239.7067
2022-06-10,232.23
2022-06-13,215.7367
2022-06-14,220.89
2022-06-15,233.0
2022-06-16,213.1
2022-06-17,216.76
2022-06-21,237.0367
2022-06-22,236.0867
2022-06-23,235.07
2022-06-24,245.7067
2022-06-27,244.92
2022-06-28,232.6633
2022-06-29,228.49
2022-06-30,224.4733
2022-07-01,227.2633
2022-07-05,233.0667
2022-07-06,231.7333
2022-07-07,244.5433
2022-07-08,250.7633
2022-07-11,234.3433
2022-07-12,233.07
2022-07-13,237.04
2022-07-14,238.3133
2022-07-15,240.0667
2022-07-18,240.5467
2022-07-19,245.53
2022-07-20,247.5
2022-07-21,271.7067
2022-07-22,272.2433
2022-07-25,268.4333
2022-07-26,258.86
2022-07-27,274.82
2022-07-28,280.9
2022-07-29,297.15
2022-08-01,297.2767
2022-08-02,300.5867
2022-08-03,307.3967
2022-08-04,308.6333
2022-08-05,288.17
2022-08-08,290.4233
2022-08-09,283.3333
2022-08-10,294.3567
2022-08-11,286.63
2022-08-12,300.03
2022-08-15,309.32
2022-08-16,306.5633
2022-08-17,303.9967
2022-08-18,302.87
2022-08-19,296.6667
2022-08-22,289.9133
2022-08-23,296.4533
2022-08-24,297.0967
2022-08-25,296.07
2022-08-26,288.09
2022-08-29,284.82
2022-08-30,277.7
2022-08-31,275.61
2022-09-01,277.16
2022-09-02,270.21
2022-09-06,274.42
2022-09-07,283.7
2022-09-08,289.26
2022-09-09,299.68
2022-09-12,304.42
2022-09-13,292.13
2022-09-14,302.61
2022-09-15,303.75
2022-09-16,303.35
2022-09-19,309.07
2022-09-20,308.73
2022-09-21,300.8
2022-09-22,288.59
2022-09-23,275.33
2022-09-26,276.01
2022-09-27,282.94
2022-09-28,287.81
2022-09-29,268.21
2022-09-30,265.25
2022-10-03,242.4
2022-10-04,249.44
2022-10-05,240.81
2022-10-06,238.13
2022-10-07,223.07
2022-10-10,222.96
2022-10-11,216.5
2022-10-12,217.24
2022-10-13,221.72
2022-10-14,204.99
2022-10-17,219.35
2022-10-18,220.19
2022-10-19,222.04
2022-10-20,207.28
2022-10-21,214.44
2022-10-24,211.25
2022-10-25,222.42
2022-10-26,224.64
2022-10-27,225.09
2022-10-28,228.52
2022-10-31,227.54
2022-11-01,227.82
2022-11-02,214.98
2022-11-03,215.31
2022-11-04,207.47
2022-11-07,197.08
2022-11-08,191.3
2022-11-09,177.59
2022-11-10,190.72
2022-11-11,195.97
2022-11-14,190.95
2022-11-15,194.42
2022-11-16,186.92
2022-11-17,183.17
2022-11-18,180.19
2022-11-21,167.87
2022-11-22,169.91
2022-11-23,183.2
2022-11-25,182.86
2022-11-28,182.92
2022-11-29,180.83
2022-11-30,194.7
2022-12-01,194.7
2022-12-02,194.86
2022-12-05,182.45
2022-12-06,179.82
2022-12-07,174.04
2022-12-08,173.44
2022-12-09,179.05
2022-12-12,167.82
2022-12-13,160.95
2022-12-14,156.8
2022-12-15,157.67
2022-12-16,150.23
2022-12-19,149.87
2022-12-20,137.8
2022-12-21,137.57
2022-12-22,125.35
2022-12-23,123.15
2022-12-27,109.1
2022-12-28,112.71
2022-12-29,121.82
2022-12-30,123.18
2023-01-03,108.1
2023-01-04,113.64
2023-01-05,110.34
2023-01-06,113.06
2023-01-09,119.77
2023-01-10,118.85
2023-01-11,123.22
2023-01-12,123.56
2023-01-13,122.4
2023-01-17,131.49
2023-01-18,128.78
2023-01-19,127.17
2023-01-20,133.42
2023-01-23,143.75
2023-01-24,143.89
2023-01-25,144.43
2023-01-26,160.27
2023-01-27,177.9
2023-01-30,166.66
2023-01-31,173.22
2023-02-01,181.41
2023-02-02,188.27
2023-02-03,189.98
2023-02-06,194.76
2023-02-07,196.81
2023-02-08,201.29
2023-02-09,207.32
2023-02-10,196.89
2023-02-13,194.64
2023-02-14,209.25
2023-02-15,214.24
2023-02-16,202.04
2023-02-17,208.31
2023-02-21,197.37
2023-02-22,200.86
2023-02-23,202.07
2023-02-24,196.88
2023-02-27,207.63
2023-02-28,205.71
2023-03-01,202.77
2023-03-02,190.9
2023-03-03,197.79
2023-03-06,193.81
2023-03-07,187.71
2023-03-08,182.0
2023-03-09,172.92
2023-03-10,173.44
2023-03-13,174.48
2023-03-14,183.26
2023-03-15,180.45
2023-03-16,184.13
2023-03-17,180.13
2023-03-20,183.25
2023-03-21,197.58
2023-03-22,191.15
2023-03-23,192.22
2023-03-24,190.41
2023-03-27,191.81
2023-03-28,189.19
2023-03-29,193.88
2023-03-30,195.28
2023-03-31,207.46
2023-04-03,194.77
2023-04-04,192.58
2023-04-05,185.52
2023-04-06,185.06
2023-04-10,184.51
2023-04-11,186.79
2023-04-12,180.54
2023-04-13,185.9
2023-04-14,185.0
2023-04-17,187.04
2023-04-18,184.31
2023-04-19,180.59
2023-04-20,162.99
2023-04-21,165.08
2023-04-24,162.55
2023-04-25,160.67
2023-04-26,153.75
2023-04-27,160.19
2023-04-28,164.31
2023-05-01,161.83
2023-05-02,160.31
2023-05-03,160.61
2023-05-04,161.2
2023-05-05,170.06
2023-05-08,171.79
2023-05-09,169.15
2023-05-10,168.54
2023-05-11,172.08
2023-05-12,167.98
2023-05-15,166.35
2023-05-16,166.52
2023-05-17,173.86
2023-05-18,176.89
2023-05-19,180.14
2023-05-22,188.87
2023-05-23,185.77
2023-05-24,182.9
2023-05-25,184.47
2023-05-26,193.17
2023-05-30,201.16
2023-05-31,203.93
2023-06-01,207.52
2023-06-02,213.97
2023-06-05,217.61
2023-06-06,221.31
2023-06-07,224.57
2023-06-08,234.86
2023-06-09,244.4
2023-06-12,249.83
2023-06-13,258.71
2023-06-14,256.79
2023-06-15,255.9
2023-06-16,260.54
2023-06-20,274.45
2023-06-21,259.46
2023-06-22,264.61
2023-06-23,256.6
2023-06-26,241.05
2023-06-27,250.21
2023-06-28,256.24
2023-06-29,257.5
2023-06-30,261.77
2023-07-03,279.82
2023-07-05,282.48
2023-07-06,276.54
2023-07-07,274.43
2023-07-10,269.61
2023-07-11,269.79
2023-07-12,271.99
2023-07-13,277.9
2023-07-14,281.38
2023-07-17,290.38
2023-07-18,293.34
2023-07-19,291.26
2023-07-20,262.9
2023-07-21,260.02
2023-07-24,269.06
2023-07-25,265.28
2023-07-26,264.35
2023-07-27,255.71
2023-07-28,266.44
2023-07-31,267.43
2023-08-01,261.07
2023-08-02,254.11
2023-08-03,259.32
2023-08-04,253.86
2023-08-07,251.45
2023-08-08,249.7
2023-08-09,242.19
2023-08-10,245.34
2023-08-11,242.65
2023-08-14,239.76
2023-08-15,232.96
2023-08-16,225.6
2023-08-17,219.22
2023-08-18,215.49
2023-08-21,231.28
2023-08-22,233.19
2023-08-23,236.86
2023-08-24,230.04
2023-08-25,238.59
2023-08-28,238.82
2023-08-29,257.18
2023-08-30,256.9
2023-08-31,258.08
2023-09-01,245.01
2023-09-05,256.49
2023-09-06,251.92
2023-09-07,251.49
2023-09-08,248.5
2023-09-11,273.58
2023-09-12,267.48
2023-09-13,271.3
2023-09-14,276.04
2023-09-15,274.39
2023-09-18,265.28
2023-09-19,266.5
2023-09-20,262.59
2023-09-21,255.7
2023-09-22,244.88
2023-09-25,246.99
2023-09-26,244.12
2023-09-27,240.5
2023-09-28,246.38
2023-09-29,250.22
2023-10-02,251.6
2023-10-03,246.53
2023-10-04,261.16
2023-10-05,260.05
2023-10-06,260.53
2023-10-09,259.67
2023-10-10,263.62
2023-10-11,262.99
2023-10-12,258.87
2023-10-13,251.12
2023-10-16,253.92
2023-10-17,254.85
2023-10-18,242.68
2023-10-19,220.11
2023-10-20,211.99
2023-10-23,212.08
2023-10-24,216.52
2023-10-25,212.42
2023-10-26,205.76
2023-10-27,207.3
2023-10-30,197.36
2023-10-31,200.84
2023-11-01,205.66
2023-11-02,218.51
2023-11-03,219.96
2023-11-06,219.27
2023-11-07,222.18
2023-11-08,222.11
2023-11-09,209.98
2023-11-10,214.65
2023-11-13,223.71
2023-11-14,237.41
2023-11-15,242.84
2023-11-16,233.59
2023-11-17,234.3
2023-11-20,235.6
2023-11-21,241.2
2023-11-22,234.21
2023-11-24,235.45
2023-11-27,236.08
2023-11-28,246.72
2023-11-29,244.14
2023-11-30,240.08
2023-12-01,238.83
2023-12-04,235.58
2023-12-05,238.72
2023-12-06,239.37
2023-12-07,242.64
2023-12-08,243.84
2023-12-11,239.74
2023-12-12,237.01
2023-12-13,239.29
2023-12-14,251.05
2023-12-15,253.5
2023-12-18,252.08
2023-12-19,257.22
2023-12-20,247.14
2023-12-21,254.5
2023-12-22,252.54
2023-12-26,256.61
2023-12-27,261.44
2023-12-28,253.18
2023-12-29,248.48
2024-01-02,248.42
2024-01-03,238.45
2024-01-04,237.93
2024-01-05,237.49
2024-01-08,240.45
2024-01-09,234.96
2024-01-10,233.94
2024-01-11,227.22
2024-01-12,218.89
2024-01-16,219.91
2024-01-17,215.55
2024-01-18,211.88
2024-01-19,212.19
2024-01-22,208.8
2024-01-23,209.14
2024-01-24,207.83
2024-01-25,182.63
2024-01-26,183.25
2024-01-29,190.93
2024-01-30,191.59
2024-01-31,187.29
2024-02-01,188.86
2024-02-02,187.91
2024-02-05,181.06
2024-02-06,185.1
2024-02-07,187.58
2024-02-08,189.56
2024-02-09,193.57
2024-02-12,188.13
2024-02-13,184.02
2024-02-14,188.71
2024-02-15,200.45
2024-02-16,199.95
2024-02-20,193.76
2024-02-21,194.77
2024-02-22,197.41
2024-02-23,191.97
2024-02-26,199.4
2024-02-27,199.73
2024-02-28,202.04
2024-02-29,201.88
2024-03-01,202.64
2024-03-04,188.14
2024-03-05,180.74
2024-03-06,176.54
2024-03-07,178.65
2024-03-08,175.34
2024-03-11,177.77
2024-03-12,177.54
2024-03-13,169.48
2024-03-14,162.5
2024-03-15,163.57
2024-03-18,173.8
2024-03-19,171.32
2024-03-20,175.66
2024-03-21,172.82
2024-03-22,170.83
2024-03-25,172.63
2024-03-26,177.67
2024-03-27,179.83
2024-03-28,175.79
2024-04-01,175.22
2024-04-02,166.63
2024-04-03,168.38
2024-04-04,171.11
2024-04-05,164.9
2024-04-08,172.98
2024-04-09,176.88
2024-04-10,171.76
2024-04-11,174.6
2024-04-12,171.05
2024-04-15,161.48
2024-04-16,157.11
2024-04-17,155.45
2024-04-18,149.93
2024-04-19,147.05
2024-04-22,142.05
2024-04-23,144.68
2024-04-24,162.13
2024-04-25,170.18
2024-04-26,168.29
2024-04-29,194.05
2024-04-30,183.28
2024-05-01,179.99
2024-05-02,180.01
2024-05-03,181.19
2024-05-06,184.76
2024-05-07,177.81
2024-05-08,174.72
2024-05-09,171.97
2024-05-10,168.47
2024-05-13,171.89
2024-05-14,177.55
2024-05-15,173.99
2024-05-16,174.84
2024-05-17,177.46
2024-05-20,174.95
2024-05-21,186.6
2024-05-22,180.11
2024-05-23,173.74
2024-05-24,179.24
2024-05-28,176.75
2024-05-29,176.19
2024-05-30,178.79
2024-05-31,178.08
2024-06-03,176.29
2024-06-04,174.77
2024-06-05,175.0
2024-06-06,177.94
2024-06-07,177.48
2024-06-10,173.79
2024-06-11,170.66
2024-06-12,177.29
2024-06-13,182.47
2024-06-14,178.01
2024-06-17,187.44
2024-06-18,184.86
2024-06-20,181.57
2024-06-21,183.01
2024-06-24,182.58
2024-06-25,187.35
2024-06-26,196.37
2024-06-27,197.42
2024-06-28,197.88
2024-07-01,209.86
2024-07-02,231.26
2024-07-03,246.39
2024-07-05,251.52
2024-07-08,252.94
2024-07-09,262.33
2024-07-10,263.26
2024-07-11,241.03
2024-07-12,248.23
2024-07-15,252.64
2024-07-16,256.56
2024-07-17,248.5
2024-07-18,249.23
2024-07-19,239.2
2024-07-22,251.51
2024-07-23,246.38
2024-07-24,215.99
2024-07-25,220.25
2024-07-26,219.8
2024-07-29,232.1
2024-07-30,222.62
2024-07-31,232.07
2024-08-01,216.86
2024-08-02,207.67
2024-08-05,198.88
2024-08-06,200.64
2024-08-07,191.76
2024-08-08,198.84
2024-08-09,200.0
2024-08-12,197.49
2024-08-13,207.83
2024-08-14,201.38
2024-08-15,214.14
2024-08-16,216.12
2024-08-19,222.72
2024-08-20,221.1
2024-08-21,223.27
2024-08-22,210.66
2024-08-23,220.32
2024-08-26,213.21
2024-08-27,209.21
2024-08-28,205.75
2024-08-29,206.28
2024-08-30,214.11
2024-09-03,210.6
2024-09-04,219.41
2024-09-05,230.17
2024-09-06,210.73
2024-09-09,216.27
2024-09-10,226.17
2024-09-11,228.13
2024-09-12,229.81
2024-09-13,230.29
2024-09-16,226.78
2024-09-17,227.87
2024-09-18,227.2
2024-09-19,243.92
2024-09-20,238.25
2024-09-23,250.0
2024-09-24,254.27
2024-09-25,257.02
2024-09-26,254.22
2024-09-27,260.46
2024-09-30,261.63
2024-10-01,258.02
2024-10-02,249.02
2024-10-03,240.66
2024-10-04,250.08
2024-10-07,240.83
2024-10-08,244.5
2024-10-09,241.05
2024-10-10,238.77
2024-10-11,217.8
2024-10-14,219.16
2024-10-15,219.57
2024-10-16,221.33
2024-10-17,220.89
2024-10-18,220.7
2024-10-21,218.85
