DATE,CPI,INFLATION,UNRATE,REALRATE,FEDFUNDS,LFPART
1947-01-01,21.5,,,,,
1947-02-01,21.6,,,,,
1947-03-01,22.0,,,,,
1947-04-01,22.0,,,,,
1947-05-01,22.0,,,,,
1947-06-01,22.1,,,,,
1947-07-01,22.2,,,,,
1947-08-01,22.4,,,,,
1947-09-01,22.8,,,,,
1947-10-01,22.9,,,,,
1947-11-01,23.1,,,,,
1947-12-01,23.4,,,,,
1948-01-01,23.7,10.2,3.4,,,58.6
1948-02-01,23.7,9.5,3.8,,,58.9
1948-03-01,23.5,6.8,4.0,,,58.5
1948-04-01,23.8,8.3,3.9,,,59.0
1948-05-01,24.0,9.4,3.5,,,58.3
1948-06-01,24.2,9.4,3.6,,,59.2
1948-07-01,24.4,9.8,3.6,,,59.3
1948-08-01,24.4,9.1,3.9,,,58.9
1948-09-01,24.4,6.7,3.8,,,58.9
1948-10-01,24.3,6.1,3.7,,,58.7
1948-11-01,24.2,4.8,3.8,,,58.7
1948-12-01,24.0,2.7,4.0,,,59.1
1949-01-01,24.0,1.4,4.3,,,58.7
1949-02-01,23.9,1.0,4.7,,,59.0
1949-03-01,23.9,1.7,5.0,,,58.9
1949-04-01,23.9,0.4,5.3,,,58.8
1949-05-01,23.9,-0.4,6.1,,,59.0
1949-06-01,23.9,-1.0,6.2,,,58.6
1949-07-01,23.7,-2.9,6.7,,,58.9
1949-08-01,23.7,-3.0,6.8,,,59.2
1949-09-01,23.8,-2.5,6.6,,,59.1
1949-10-01,23.7,-2.6,7.9,,,59.6
1949-11-01,23.7,-1.9,6.4,,,59.4
1949-12-01,23.6,-1.8,6.6,,,59.2
1950-01-01,23.5,-2.1,6.5,,,58.9
1950-02-01,23.6,-1.3,6.4,,,58.9
1950-03-01,23.6,-1.1,6.3,,,58.8
1950-04-01,23.6,-1.1,5.8,,,59.2
1950-05-01,23.8,-0.6,5.5,,,59.1
1950-06-01,23.9,-0.2,5.4,,,59.4
1950-07-01,24.1,1.6,5.0,,,59.1
1950-08-01,24.2,2.1,4.5,,,59.5
1950-09-01,24.3,2.5,4.4,,,59.2
1950-10-01,24.5,3.5,4.2,,,59.4
1950-11-01,24.6,3.8,4.2,,,59.3
1950-12-01,25.0,5.8,4.3,,,59.2
1951-01-01,25.4,8.0,3.7,,,59.1
1951-02-01,25.8,9.4,3.4,,,59.1
1951-03-01,25.9,9.5,3.4,,,59.8
1951-04-01,25.9,9.6,3.1,,,59.1
1951-05-01,26.0,9.3,3.0,,,59.4
1951-06-01,25.9,8.6,3.2,,,59.0
1951-07-01,25.9,7.6,3.1,,,59.4
1951-08-01,25.9,6.9,3.1,,,59.2
1951-09-01,26.0,6.9,3.3,,,59.1
1951-10-01,26.2,6.8,3.5,,,59.4
1951-11-01,26.3,7.0,3.5,,,59.2
1951-12-01,26.5,6.0,3.1,,,59.6
1952-01-01,26.4,4.2,3.2,,,59.5
1952-02-01,26.4,2.2,3.1,,,59.5
1952-03-01,26.4,2.0,2.9,,,58.9
1952-04-01,26.5,2.1,2.9,,,58.8
1952-05-01,26.5,1.8,3.0,,,59.1
1952-06-01,26.5,2.3,3.0,,,59.1
1952-07-01,26.7,3.0,3.2,,,58.9
1952-08-01,26.7,3.2,3.4,,,58.7
1952-09-01,26.6,2.3,3.1,,,59.2
1952-10-01,26.7,2.0,3.0,,,58.7
1952-11-01,26.7,1.4,2.8,,,59.1
1952-12-01,26.7,0.9,2.7,,,59.2
1953-01-01,26.6,0.7,2.9,,,59.5
1953-02-01,26.6,0.7,2.6,,,59.5
1953-03-01,26.6,0.9,2.6,,,59.6
1953-04-01,26.7,0.9,2.7,,,59.1
1953-05-01,26.7,0.9,2.5,,,58.6
1953-06-01,26.8,0.9,2.5,,,58.9
1953-07-01,26.8,0.4,2.6,,,58.9
1953-08-01,26.8,0.6,2.7,,,58.6
1953-09-01,26.9,1.0,2.9,,,58.5
1953-10-01,27.0,1.0,3.1,,,58.5
1953-11-01,26.8,0.6,3.5,,,58.6
1953-12-01,26.9,0.6,4.5,,,58.3
1954-01-01,26.9,1.1,4.9,,,58.6
1954-02-01,27.0,1.5,5.2,,,59.3
1954-03-01,26.9,1.1,5.7,,,59.1
1954-04-01,26.9,0.6,5.9,,,59.2
1954-05-01,26.9,0.9,5.9,,,58.9
1954-06-01,26.9,0.6,5.6,,,58.5
1954-07-01,26.9,0.3,5.8,,0.8,58.4
1954-08-01,26.8,0.0,6.0,,1.2,58.7
1954-09-01,26.8,-0.3,6.1,,1.1,59.2
1954-10-01,26.7,-0.9,5.7,,0.8,58.8
1954-11-01,26.8,-0.3,5.3,,0.8,58.6
1954-12-01,26.8,-0.4,5.0,,1.3,58.1
1955-01-01,26.8,-0.6,4.9,,1.4,58.6
1955-02-01,26.8,-0.6,4.7,,1.3,58.4
1955-03-01,26.8,-0.5,4.6,,1.4,58.5
1955-04-01,26.8,-0.3,4.7,,1.4,59.0
1955-05-01,26.8,-0.6,4.3,,1.4,58.8
1955-06-01,26.7,-0.9,4.2,,1.6,58.8
1955-07-01,26.8,-0.4,4.0,,1.7,59.3
1955-08-01,26.7,-0.5,4.2,,2.0,59.7
1955-09-01,26.8,0.1,4.1,,2.2,59.7
1955-10-01,26.8,0.4,4.3,,2.2,59.8
1955-11-01,26.9,0.4,4.2,,2.4,59.9
1955-12-01,26.9,0.4,4.2,,2.5,60.2
1956-01-01,26.8,0.2,4.0,,2.4,60.2
1956-02-01,26.9,0.1,3.9,,2.5,59.9
1956-03-01,26.9,0.4,4.2,,2.5,59.8
1956-04-01,26.9,0.5,4.0,,2.6,59.9
1956-05-01,27.0,1.0,4.3,,2.8,60.2
1956-06-01,27.2,1.6,4.3,,2.7,60.1
1956-07-01,27.3,2.0,4.4,,2.8,60.1
1956-08-01,27.3,2.2,4.1,,2.7,60.0
1956-09-01,27.4,1.9,3.9,,3.0,60.0
1956-10-01,27.5,2.6,3.9,,3.0,59.8
1956-11-01,27.5,2.3,4.3,,2.9,59.8
1956-12-01,27.6,2.8,4.2,,2.9,59.8
1957-01-01,27.7,3.1,4.2,,2.8,59.5
1957-02-01,27.8,3.5,3.9,,3.0,59.9
1957-03-01,27.9,3.6,3.7,,3.0,59.8
1957-04-01,27.9,3.7,3.9,,3.0,59.5
1957-05-01,28.0,3.6,4.1,,3.0,59.5
1957-06-01,28.1,3.5,4.3,,3.0,59.8
1957-07-01,28.2,3.3,4.2,,3.0,60.0
1957-08-01,28.3,3.6,4.1,,3.2,59.3
1957-09-01,28.3,3.5,4.4,,3.5,59.6
1957-10-01,28.3,2.9,4.5,,3.5,59.5
1957-11-01,28.4,3.3,5.1,,3.3,59.5
1957-12-01,28.5,3.0,5.2,,3.0,59.6
1958-01-01,28.6,3.5,5.8,,2.7,59.3
1958-02-01,28.7,3.2,6.4,,1.7,59.3
1958-03-01,28.9,3.6,6.7,,1.2,59.3
1958-04-01,28.9,3.6,7.4,,1.3,59.6
1958-05-01,28.9,3.4,7.4,,0.6,59.8
1958-06-01,28.9,2.8,7.3,,0.9,59.5
1958-07-01,28.9,2.5,7.5,,0.7,59.6
1958-08-01,28.9,2.3,7.4,,1.5,59.8
1958-09-01,28.9,2.1,7.1,,1.8,59.7
1958-10-01,28.9,2.1,6.7,,1.8,59.6
1958-11-01,29.0,1.9,6.2,,2.3,59.2
1958-12-01,29.0,1.8,6.2,,2.4,59.2
1959-01-01,29.0,1.3,6.0,,2.5,59.3
1959-02-01,29.0,1.0,5.9,,2.4,59.0
1959-03-01,29.0,0.3,5.6,,2.8,59.3
1959-04-01,29.0,0.1,5.2,,3.0,59.4
1959-05-01,29.0,0.3,5.1,,2.9,59.2
1959-06-01,29.1,0.7,5.0,,3.4,59.2
1959-07-01,29.2,0.9,5.1,,3.5,59.4
1959-08-01,29.2,0.8,5.2,,3.5,59.2
1959-09-01,29.2,1.2,5.5,,3.8,59.3
1959-10-01,29.4,1.5,5.7,,4.0,59.4
1959-11-01,29.4,1.4,5.8,,4.0,59.1
1959-12-01,29.4,1.5,5.3,,4.0,59.5
1960-01-01,29.4,1.2,5.2,,4.0,59.1
1960-02-01,29.4,1.4,4.8,,4.0,59.1
1960-03-01,29.4,1.5,5.4,,3.8,58.5
1960-04-01,29.5,1.9,5.2,,3.9,59.5
1960-05-01,29.6,1.8,5.1,,3.8,59.5
1960-06-01,29.6,1.7,5.4,,3.3,59.7
1960-07-01,29.6,1.4,5.5,,3.2,59.5
1960-08-01,29.6,1.5,5.6,,3.0,59.5
1960-09-01,29.6,1.2,5.5,,2.6,59.7
1960-10-01,29.8,1.4,6.1,,2.5,59.4
1960-11-01,29.8,1.5,6.1,,2.4,59.8
1960-12-01,29.8,1.4,6.6,,2.0,59.7
1961-01-01,29.8,1.6,6.6,,1.4,59.6
1961-02-01,29.8,1.5,6.9,,2.5,59.6
1961-03-01,29.8,1.5,6.9,,2.0,59.7
1961-04-01,29.8,0.9,7.0,,1.5,59.3
1961-05-01,29.8,0.9,7.1,,2.0,59.4
1961-06-01,29.8,0.8,6.9,,1.7,59.7
1961-07-01,29.9,1.3,7.0,,1.2,59.3
1961-08-01,29.9,1.1,6.6,,2.0,59.3
1961-09-01,30.0,1.2,6.7,,1.9,59.0
1961-10-01,30.0,0.8,6.5,,2.3,59.1
1961-11-01,30.0,0.7,6.1,,2.6,59.1
1961-12-01,30.0,0.7,6.0,,2.3,58.8
1962-01-01,30.0,0.7,5.8,,2.2,58.8
1962-02-01,30.1,0.9,5.5,,2.4,59.0
1962-03-01,30.2,1.1,5.6,,2.8,58.9
1962-04-01,30.2,1.3,5.6,,2.8,58.7
1962-05-01,30.2,1.3,5.5,,2.4,58.9
1962-06-01,30.2,1.2,5.5,,2.7,58.8
1962-07-01,30.2,1.0,5.4,,2.7,58.5
1962-08-01,30.3,1.1,5.7,,2.9,59.0
1962-09-01,30.4,1.5,5.6,,2.9,59.0
1962-10-01,30.4,1.3,5.4,,2.9,58.7
1962-11-01,30.4,1.3,5.7,,2.9,58.5
1962-12-01,30.4,1.2,5.5,,2.9,58.4
1963-01-01,30.4,1.3,5.7,,2.9,58.6
1963-02-01,30.5,1.2,5.9,,3.0,58.6
1963-03-01,30.5,1.1,5.7,,3.0,58.6
1963-04-01,30.5,0.9,5.7,,2.9,58.8
1963-05-01,30.5,0.9,5.9,,3.0,58.8
1963-06-01,30.6,1.3,5.6,,3.0,58.5
1963-07-01,30.7,1.6,5.6,,3.0,58.7
1963-08-01,30.8,1.6,5.4,,3.5,58.5
1963-09-01,30.7,1.0,5.5,,3.5,58.7
1963-10-01,30.8,1.2,5.5,,3.5,58.8
1963-11-01,30.8,1.3,5.7,,3.5,58.8
1963-12-01,30.9,1.6,5.5,,3.4,58.5
1964-01-01,30.9,1.6,5.6,,3.5,58.6
1964-02-01,30.9,1.4,5.4,,3.5,58.8
1964-03-01,30.9,1.4,5.4,,3.4,58.7
1964-04-01,31.0,1.5,5.3,,3.5,59.1
1964-05-01,31.0,1.5,5.1,,3.5,59.1
1964-06-01,31.0,1.3,5.2,,3.5,58.7
1964-07-01,31.0,1.1,4.9,,3.4,58.6
1964-08-01,31.0,1.0,5.0,,3.5,58.6
1964-09-01,31.1,1.2,5.1,,3.4,58.7
1964-10-01,31.1,1.2,5.1,,3.4,58.6
1964-11-01,31.2,1.4,4.8,,3.5,58.5
1964-12-01,31.2,1.2,5.0,,3.8,58.6
1965-01-01,31.3,1.1,4.9,,3.9,58.6
1965-02-01,31.3,1.2,5.1,,4.0,58.7
1965-03-01,31.3,1.2,4.7,,4.0,58.7
1965-04-01,31.4,1.4,4.8,,4.1,58.8
1965-05-01,31.5,1.6,4.6,,4.1,59.0
1965-06-01,31.6,1.9,4.6,,4.0,58.8
1965-07-01,31.6,1.8,4.4,,4.1,59.1
1965-08-01,31.6,1.6,4.4,,4.1,58.9
1965-09-01,31.6,1.7,4.3,,4.0,58.7
1965-10-01,31.6,1.7,4.2,,4.1,58.9
1965-11-01,31.8,1.7,4.1,,4.1,58.8
1965-12-01,31.8,1.9,4.0,,4.3,59.0
1966-01-01,31.9,1.9,4.0,,4.4,59.0
1966-02-01,32.1,2.6,3.8,,4.6,58.8
1966-03-01,32.2,2.8,3.8,,4.7,58.8
1966-04-01,32.3,2.9,3.8,,4.7,59.0
1966-05-01,32.4,2.8,3.9,,4.9,59.0
1966-06-01,32.4,2.4,3.8,,5.2,59.1
1966-07-01,32.4,2.8,3.8,,5.3,59.1
1966-08-01,32.6,3.5,3.8,,5.5,59.3
1966-09-01,32.8,3.6,3.7,,5.4,59.3
1966-10-01,32.8,3.8,3.7,,5.5,59.3
1966-11-01,32.9,3.6,3.6,,5.8,59.6
1966-12-01,32.9,3.4,3.8,,5.4,59.5
1967-01-01,32.9,3.2,3.9,,4.9,59.5
1967-02-01,33.0,2.9,3.8,,5.0,59.3
1967-03-01,33.0,2.5,3.8,,4.5,59.1
1967-04-01,33.1,2.5,3.8,,4.0,59.4
1967-05-01,33.1,2.3,3.8,,3.9,59.3
1967-06-01,33.3,2.8,3.9,,4.0,59.6
1967-07-01,33.4,2.9,3.8,,3.8,59.6
1967-08-01,33.5,2.6,3.8,,3.9,59.7
1967-09-01,33.6,2.6,3.8,,4.0,59.7
1967-10-01,33.7,2.6,4.0,,3.9,59.9
1967-11-01,33.9,3.1,3.9,,4.1,59.8
1967-12-01,34.0,3.3,3.8,,4.5,59.9
1968-01-01,34.1,3.6,3.7,,4.6,59.2
1968-02-01,34.2,3.6,3.8,,4.7,59.6
1968-03-01,34.3,3.9,3.7,,5.0,59.6
1968-04-01,34.4,3.9,3.5,,5.8,59.5
1968-05-01,34.5,4.2,3.5,,6.1,59.9
1968-06-01,34.7,4.2,3.7,,6.1,60.0
1968-07-01,34.9,4.5,3.7,,6.0,59.8
1968-08-01,35.0,4.5,3.5,,6.0,59.6
1968-09-01,35.1,4.5,3.4,,5.8,59.5
1968-10-01,35.3,4.7,3.4,,5.9,59.5
1968-11-01,35.4,4.4,3.4,,5.8,59.6
1968-12-01,35.6,4.7,3.4,,6.0,59.7
1969-01-01,35.7,4.7,3.4,,6.3,59.6
1969-02-01,35.8,4.7,3.4,,6.6,60.0
1969-03-01,36.1,5.2,3.4,,6.8,59.9
1969-04-01,36.3,5.5,3.4,,7.4,60.0
1969-05-01,36.4,5.5,3.4,,8.7,59.8
1969-06-01,36.6,5.5,3.5,,8.9,60.1
1969-07-01,36.8,5.4,3.5,,8.6,60.1
1969-08-01,36.9,5.4,3.5,,9.2,60.3
1969-09-01,37.1,5.7,3.7,,9.2,60.3
1969-10-01,37.3,5.7,3.7,,9.0,60.4
1969-11-01,37.5,5.9,3.5,,8.8,60.2
1969-12-01,37.7,5.9,3.5,,9.0,60.2
1970-01-01,37.9,6.2,3.9,,9.0,60.4
1970-02-01,38.1,6.4,4.2,,9.0,60.4
1970-03-01,38.3,6.1,4.4,,7.8,60.6
1970-04-01,38.5,6.1,4.6,,8.1,60.6
1970-05-01,38.6,6.0,4.8,,8.0,60.3
1970-06-01,38.8,6.0,4.9,,7.6,60.2
1970-07-01,38.9,5.7,5.0,,7.2,60.4
1970-08-01,39.0,5.7,5.1,,6.6,60.3
1970-09-01,39.2,5.7,5.4,,6.3,60.2
1970-10-01,39.4,5.6,5.5,,6.2,60.4
1970-11-01,39.6,5.6,5.9,,5.6,60.4
1970-12-01,39.8,5.6,6.1,,4.9,60.4
1971-01-01,39.9,5.3,5.9,,4.1,60.4
1971-02-01,39.9,4.7,5.9,,3.7,60.1
1971-03-01,40.0,4.4,6.0,,3.7,60.0
1971-04-01,40.1,4.2,5.9,,4.2,60.1
1971-05-01,40.3,4.4,5.9,,4.6,60.2
1971-06-01,40.5,4.4,5.9,,4.9,59.8
1971-07-01,40.6,4.4,6.0,,5.3,60.1
1971-08-01,40.7,4.4,6.1,,5.6,60.2
1971-09-01,40.8,4.1,6.0,,5.6,60.1
1971-10-01,40.9,3.8,5.8,,5.2,60.1
1971-11-01,41.0,3.5,6.0,,4.9,60.4
1971-12-01,41.1,3.3,6.0,,4.1,60.4
1972-01-01,41.2,3.3,5.8,,3.5,60.2
1972-02-01,41.4,3.8,5.7,,3.3,60.2
1972-03-01,41.4,3.5,5.8,,3.8,60.5
1972-04-01,41.5,3.5,5.7,,4.2,60.4
1972-05-01,41.6,3.2,5.7,,4.3,60.4
1972-06-01,41.7,3.0,5.7,,4.5,60.4
1972-07-01,41.8,3.0,5.6,,4.6,60.4
1972-08-01,41.9,2.9,5.6,,4.8,60.6
1972-09-01,42.1,3.2,5.5,,4.9,60.4
1972-10-01,42.2,3.2,5.6,,5.0,60.3
1972-11-01,42.4,3.4,5.3,,5.1,60.3
1972-12-01,42.5,3.4,5.2,,5.3,60.5
1973-01-01,42.7,3.6,4.9,,5.9,60.0
1973-02-01,43.0,3.9,5.0,,6.6,60.5
1973-03-01,43.4,4.8,4.9,,7.1,60.8
1973-04-01,43.7,5.3,5.0,,7.1,60.8
1973-05-01,43.9,5.5,4.9,,7.8,60.6
1973-06-01,44.2,6.0,4.9,,8.5,60.9
1973-07-01,44.2,5.7,4.8,,10.4,60.9
1973-08-01,45.0,7.4,4.8,,10.5,60.7
1973-09-01,45.2,7.4,4.8,,10.8,60.8
1973-10-01,45.6,8.1,4.6,,10.0,60.9
1973-11-01,45.9,8.3,4.8,,10.0,61.2
1973-12-01,46.3,8.9,4.9,,10.0,61.2
1974-01-01,46.8,9.6,5.1,,9.6,61.3
1974-02-01,47.3,10.0,5.2,,9.0,61.4
1974-03-01,47.8,10.1,5.1,,9.4,61.3
1974-04-01,48.1,10.1,5.1,,10.5,61.1
1974-05-01,48.6,10.7,5.1,,11.3,61.2
1974-06-01,49.0,10.9,5.4,,11.9,61.2
1974-07-01,49.3,11.5,5.5,,12.9,61.4
1974-08-01,49.9,10.9,5.5,,12.0,61.2
1974-09-01,50.6,11.9,5.9,,11.3,61.4
1974-10-01,51.0,11.8,6.0,,10.1,61.3
1974-11-01,51.5,12.2,6.6,,9.4,61.3
1974-12-01,51.9,12.1,7.2,,8.5,61.2
1975-01-01,52.3,11.8,8.1,,7.1,61.4
1975-02-01,52.6,11.2,8.1,,6.2,61.0
1975-03-01,52.8,10.5,8.6,,5.5,61.2
1975-04-01,53.0,10.2,8.8,,5.5,61.3
1975-05-01,53.1,9.3,9.0,,5.2,61.5
1975-06-01,53.5,9.2,8.8,,5.6,61.2
1975-07-01,54.0,9.5,8.6,,6.1,61.3
1975-08-01,54.2,8.6,8.4,,6.1,61.3
1975-09-01,54.6,7.9,8.4,,6.2,61.2
1975-10-01,54.9,7.6,8.4,,5.8,61.2
1975-11-01,55.3,7.4,8.3,,5.2,61.1
1975-12-01,55.6,7.1,8.2,,5.2,61.1
1976-01-01,55.8,6.7,7.9,,4.9,61.3
1976-02-01,55.9,6.3,7.7,,4.8,61.3
1976-03-01,56.0,6.1,7.6,,4.8,61.3
1976-04-01,56.1,5.8,7.7,,4.8,61.6
1976-05-01,56.4,6.2,7.4,,5.3,61.5
1976-06-01,56.7,6.0,7.6,,5.5,61.5
1976-07-01,57.0,5.6,7.8,,5.3,61.8
1976-08-01,57.3,5.7,7.8,,5.3,61.8
1976-09-01,57.6,5.5,7.6,,5.2,61.6
1976-10-01,57.9,5.5,7.7,,5.0,61.6
1976-11-01,58.1,5.1,7.8,,5.0,61.9
1976-12-01,58.4,5.0,7.8,,4.6,61.8
1977-01-01,58.7,5.2,7.5,,4.6,61.6
1977-02-01,59.3,6.1,7.6,,4.7,61.9
1977-03-01,59.6,6.4,7.4,,4.7,62.0
1977-04-01,60.0,7.0,7.2,,4.7,62.1
1977-05-01,60.2,6.7,7.0,,5.4,62.2
1977-06-01,60.5,6.7,7.2,,5.4,62.4
1977-07-01,60.8,6.7,6.9,,5.4,62.1
1977-08-01,61.1,6.6,7.0,,5.9,62.3
1977-09-01,61.3,6.4,6.8,,6.1,62.3
1977-10-01,61.6,6.4,6.8,,6.5,62.4
1977-11-01,62.0,6.7,6.8,,6.5,62.8
1977-12-01,62.3,6.7,6.4,,6.6,62.7
1978-01-01,62.7,6.8,6.4,,6.7,62.8
1978-02-01,63.0,6.2,6.3,,6.8,62.7
1978-03-01,63.4,6.4,6.3,,6.8,62.8
1978-04-01,63.9,6.5,6.1,,6.9,63.0
1978-05-01,64.5,7.1,6.0,,7.4,63.1
1978-06-01,65.0,7.4,5.9,,7.6,63.3
1978-07-01,65.5,7.7,6.2,,7.8,63.2
1978-08-01,65.9,7.9,5.9,,8.0,63.2
1978-09-01,66.5,8.5,6.0,,8.4,63.3
1978-10-01,67.1,8.9,5.8,,9.0,63.3
1978-11-01,67.5,8.9,5.9,,9.8,63.5
1978-12-01,67.9,9.0,6.0,,10.0,63.6
1979-01-01,68.5,9.3,5.9,,10.1,63.6
1979-02-01,69.2,9.8,5.9,,10.1,63.8
1979-03-01,69.9,10.3,5.8,,10.1,63.8
1979-04-01,70.6,10.5,5.8,,10.0,63.5
1979-05-01,71.4,10.7,5.6,,10.2,63.3
1979-06-01,72.2,11.1,5.7,,10.3,63.5
1979-07-01,73.0,11.5,5.7,,10.5,63.6
1979-08-01,73.7,11.8,6.0,,10.9,63.6
1979-09-01,74.4,11.9,5.9,,11.4,63.8
1979-10-01,75.2,12.1,6.0,,13.8,63.7
1979-11-01,76.0,12.6,5.9,,13.2,63.7
1979-12-01,76.9,13.3,6.0,,13.8,63.9
1980-01-01,78.0,13.9,6.3,,13.8,64.0
1980-02-01,79.0,14.2,6.3,,14.1,64.0
1980-03-01,80.1,14.6,6.3,,17.2,63.7
1980-04-01,80.9,14.6,6.9,,17.6,63.8
1980-05-01,81.7,14.4,7.5,,11.0,63.9
1980-06-01,82.5,14.3,7.6,,9.5,63.7
1980-07-01,82.6,13.2,7.8,,9.0,63.8
1980-08-01,83.2,12.9,7.7,,9.6,63.7
1980-09-01,83.9,12.8,7.5,,10.9,63.6
1980-10-01,84.7,12.6,7.5,,12.8,63.7
1980-11-01,85.6,12.6,7.5,,15.8,63.8
1980-12-01,86.4,12.4,7.2,,18.9,63.6
1981-01-01,87.2,11.8,7.5,,19.1,63.9
1981-02-01,88.0,11.4,7.4,,15.9,63.9
1981-03-01,88.6,10.6,7.4,,14.7,64.1
1981-04-01,89.1,10.1,7.2,,15.7,64.2
1981-05-01,89.7,9.8,7.5,,18.5,64.3
1981-06-01,90.5,9.7,7.5,,19.1,63.7
1981-07-01,91.5,10.8,7.2,,19.0,63.8
1981-08-01,92.2,10.8,7.4,,17.8,63.8
1981-09-01,93.1,11.0,7.6,,15.9,63.5
1981-10-01,93.4,10.3,7.9,,15.1,63.8
1981-11-01,93.8,9.6,8.3,,13.3,63.9
1981-12-01,94.1,8.9,8.5,,12.4,63.6
1982-01-01,94.4,8.3,8.6,4.3,13.2,63.7
1982-02-01,94.7,7.6,8.9,6.7,14.8,63.8
1982-03-01,94.7,6.9,9.0,7.7,14.7,63.8
1982-04-01,95.0,6.6,9.3,8.2,14.9,63.9
1982-05-01,95.9,6.9,9.4,8.3,14.4,64.2
1982-06-01,97.0,7.2,9.6,9.3,14.2,63.9
1982-07-01,97.5,6.6,9.8,7.5,12.6,64.0
1982-08-01,97.7,6.0,9.8,5.7,10.1,64.1
1982-09-01,97.7,4.9,10.1,3.3,10.3,64.1
1982-10-01,98.1,5.0,10.4,4.6,9.7,64.1
1982-11-01,98.0,4.5,10.8,5.8,9.2,64.2
1982-12-01,97.7,3.8,10.8,5.3,9.0,64.1
1983-01-01,97.9,3.7,10.4,4.7,8.7,63.9
1983-02-01,98.0,3.5,10.4,4.9,8.5,63.8
1983-03-01,98.1,3.6,10.3,5.3,8.8,63.7
1983-04-01,98.8,4.0,10.2,5.1,8.8,63.8
1983-05-01,99.2,3.4,10.1,5.3,8.6,63.7
1983-06-01,99.4,2.5,10.1,6.0,9.0,64.3
1983-07-01,99.8,2.4,9.4,4.7,9.4,64.1
1983-08-01,100.1,2.5,9.5,5.7,9.6,64.3
1983-09-01,100.4,2.8,9.2,5.5,9.4,64.3
1983-10-01,100.8,2.8,8.8,4.9,9.5,64.0
1983-11-01,101.1,3.2,8.5,4.6,9.3,64.1
1983-12-01,101.4,3.8,8.3,4.5,9.5,64.1
1984-01-01,102.1,4.3,8.0,5.4,9.6,63.9
1984-02-01,102.6,4.7,7.8,5.2,9.6,64.1
1984-03-01,102.9,4.9,7.8,5.6,9.9,64.1
1984-04-01,103.3,4.6,7.7,5.4,10.3,64.3
1984-05-01,103.5,4.3,7.4,5.4,10.3,64.5
1984-06-01,103.7,4.3,7.2,5.4,11.1,64.6
1984-07-01,104.1,4.3,7.5,6.3,11.2,64.6
1984-08-01,104.4,4.3,7.5,6.1,11.6,64.4
1984-09-01,104.7,4.3,7.3,6.4,11.3,64.4
1984-10-01,105.1,4.3,7.4,6.9,10.0,64.4
1984-11-01,105.3,4.2,7.2,6.4,9.4,64.5
1984-12-01,105.5,4.0,7.3,5.8,8.4,64.6
1985-01-01,105.7,3.5,7.3,5.1,8.4,64.7
1985-02-01,106.3,3.6,7.2,4.8,8.5,64.7
1985-03-01,106.8,3.8,7.2,4.5,8.6,64.9
1985-04-01,107.0,3.6,7.3,5.7,8.3,64.9
1985-05-01,107.2,3.6,7.2,5.0,8.0,64.8
1985-06-01,107.5,3.7,7.4,3.5,7.5,64.6
1985-07-01,107.7,3.5,7.4,4.5,7.9,64.7
1985-08-01,107.9,3.4,7.1,4.3,7.9,64.6
1985-09-01,108.1,3.2,7.1,4.1,7.9,64.9
1985-10-01,108.5,3.2,7.1,4.1,8.0,65.0
1985-11-01,109.0,3.5,7.0,4.2,8.0,64.9
1985-12-01,109.5,3.8,7.0,4.5,8.3,65.0
1986-01-01,109.9,4.0,6.7,4.3,8.1,64.9
1986-02-01,109.7,3.2,7.2,4.5,7.9,65.0
1986-03-01,109.1,2.2,7.2,5.3,7.5,65.1
1986-04-01,108.7,1.6,7.1,5.1,7.0,65.1
1986-05-01,109.0,1.7,7.2,5.0,6.8,65.2
1986-06-01,109.4,1.8,7.2,4.5,6.9,65.4
1986-07-01,109.5,1.7,7.0,3.5,6.6,65.4
1986-08-01,109.6,1.6,6.9,3.4,6.2,65.3
1986-09-01,110.0,1.8,7.0,3.0,5.9,65.4
1986-10-01,110.2,1.6,7.0,2.8,5.8,65.4
1986-11-01,110.4,1.3,6.9,2.7,6.0,65.4
1986-12-01,110.8,1.2,6.6,2.4,6.9,65.3
1987-01-01,111.4,1.4,6.6,2.5,6.4,65.4
1987-02-01,111.8,1.9,6.6,2.3,6.1,65.5
1987-03-01,112.2,2.8,6.6,3.3,6.1,65.5
1987-04-01,112.7,3.7,6.3,2.5,6.4,65.4
1987-05-01,113.0,3.7,6.3,2.1,6.8,65.7
1987-06-01,113.5,3.7,6.2,2.9,6.7,65.5
1987-07-01,113.8,3.9,6.1,2.3,6.6,65.6
1987-08-01,114.3,4.3,6.0,2.6,6.7,65.7
1987-09-01,114.7,4.3,5.9,2.4,7.2,65.5
1987-10-01,115.0,4.4,6.0,3.7,7.3,65.7
1987-11-01,115.4,4.5,5.8,3.4,6.7,65.7
1987-12-01,115.6,4.3,5.7,2.4,6.8,65.7
1988-01-01,116.0,4.1,5.7,2.5,6.8,65.8
1988-02-01,116.2,3.9,5.7,2.9,6.6,65.9
1988-03-01,116.5,3.8,5.7,2.7,6.6,65.7
1988-04-01,117.2,4.0,5.4,2.8,6.9,65.8
1988-05-01,117.5,4.0,5.6,2.9,7.1,65.7
1988-06-01,118.0,4.0,5.4,3.1,7.5,65.8
1988-07-01,118.5,4.1,5.4,2.5,7.8,65.9
1988-08-01,119.0,4.1,5.6,3.2,8.0,66.1
1988-09-01,119.5,4.2,5.4,3.4,8.2,65.9
1988-10-01,119.9,4.3,5.4,3.1,8.3,66.0
1988-11-01,120.3,4.2,5.3,3.0,8.4,66.2
1988-12-01,120.7,4.4,5.3,3.3,8.8,66.1
1989-01-01,121.2,4.5,5.4,3.3,9.1,66.5
1989-02-01,121.6,4.6,5.2,3.4,9.4,66.3
1989-03-01,122.2,4.9,5.0,3.5,9.8,66.3
1989-04-01,123.1,5.0,5.2,4.1,9.8,66.4
1989-05-01,123.7,5.3,5.2,4.5,9.8,66.3
1989-06-01,124.1,5.2,5.3,4.5,9.5,66.5
1989-07-01,124.5,5.1,5.2,3.9,9.2,66.5
1989-08-01,124.5,4.6,5.2,3.7,9.0,66.5
1989-09-01,124.8,4.4,5.3,4.0,9.0,66.4
1989-10-01,125.4,4.6,5.3,3.9,8.8,66.5
1989-11-01,125.9,4.7,5.4,3.9,8.6,66.6
1989-12-01,126.3,4.6,5.4,3.9,8.4,66.5
1990-01-01,127.5,5.2,5.4,3.8,8.2,66.8
1990-02-01,128.0,5.3,5.3,3.4,8.2,66.7
1990-03-01,128.6,5.2,5.2,4.4,8.3,66.7
1990-04-01,128.9,4.7,5.4,4.5,8.3,66.6
1990-05-01,129.1,4.4,5.4,4.3,8.2,66.6
1990-06-01,129.9,4.7,5.2,3.7,8.3,66.4
1990-07-01,130.5,4.8,5.5,4.3,8.2,66.5
1990-08-01,131.6,5.7,5.7,3.9,8.1,66.5
1990-09-01,132.5,6.2,5.9,2.9,8.2,66.4
1990-10-01,133.4,6.4,5.9,2.6,8.1,66.4
1990-11-01,133.7,6.2,6.2,2.1,7.8,66.4
1990-12-01,134.2,6.3,6.3,2.1,7.3,66.4
1991-01-01,134.7,5.6,6.4,2.7,6.9,66.2
1991-02-01,134.8,5.3,6.6,3.0,6.2,66.2
1991-03-01,134.8,4.8,6.8,2.8,6.1,66.3
1991-04-01,135.1,4.8,6.7,3.4,5.9,66.4
1991-05-01,135.6,5.0,6.9,3.2,5.8,66.2
1991-06-01,136.0,4.7,6.9,3.0,5.9,66.2
1991-07-01,136.2,4.4,6.8,2.9,5.8,66.1
1991-08-01,136.6,3.8,6.9,2.7,5.7,66.0
1991-09-01,137.0,3.4,6.9,2.6,5.4,66.2
1991-10-01,137.2,2.8,7.0,2.2,5.2,66.1
1991-11-01,137.8,3.1,7.0,2.1,4.8,66.1
1991-12-01,138.2,3.0,7.3,1.6,4.4,66.0
1992-01-01,138.3,2.7,7.3,1.5,4.0,66.3
1992-02-01,138.6,2.8,7.4,1.5,4.1,66.2
1992-03-01,139.1,3.2,7.4,1.4,4.0,66.4
1992-04-01,139.4,3.2,7.4,1.7,3.7,66.5
1992-05-01,139.7,3.0,7.6,1.5,3.8,66.6
1992-06-01,140.1,3.0,7.8,1.3,3.8,66.7
1992-07-01,140.5,3.2,7.7,1.3,3.2,66.7
1992-08-01,140.8,3.1,7.6,1.1,3.3,66.6
1992-09-01,141.1,3.0,7.6,1.0,3.2,66.5
1992-10-01,141.7,3.3,7.3,0.7,3.1,66.2
1992-11-01,142.1,3.1,7.4,0.9,3.1,66.3
1992-12-01,142.3,3.0,7.4,1.1,2.9,66.3
1993-01-01,142.8,3.3,7.3,0.9,3.0,66.2
1993-02-01,143.1,3.2,7.1,0.8,3.0,66.2
1993-03-01,143.3,3.0,7.0,0.6,3.1,66.2
1993-04-01,143.8,3.2,7.1,0.7,3.0,66.1
1993-05-01,144.2,3.2,7.1,0.6,3.0,66.4
1993-06-01,144.3,3.0,7.0,1.3,3.0,66.5
1993-07-01,144.5,2.8,6.9,0.8,3.1,66.4
1993-08-01,144.8,2.8,6.8,0.9,3.0,66.4
1993-09-01,145.0,2.8,6.7,0.8,3.1,66.2
1993-10-01,145.6,2.8,6.8,0.5,3.0,66.3
1993-11-01,146.0,2.7,6.6,0.7,3.0,66.3
1993-12-01,146.3,2.8,6.5,0.9,3.0,66.4
1994-01-01,146.3,2.5,6.6,0.9,3.0,66.6
1994-02-01,146.7,2.5,6.6,0.8,3.2,66.6
1994-03-01,147.1,2.7,6.5,0.3,3.3,66.5
1994-04-01,147.2,2.4,6.4,1.3,3.6,66.5
1994-05-01,147.5,2.3,6.1,1.6,4.0,66.6
1994-06-01,147.9,2.5,6.1,1.3,4.2,66.4
1994-07-01,148.4,2.7,6.1,1.5,4.3,66.4
1994-08-01,149.0,2.9,6.0,2.0,4.5,66.6
1994-09-01,149.3,3.0,5.9,2.0,4.7,66.6
1994-10-01,149.4,2.6,5.8,2.0,4.8,66.7
1994-11-01,149.8,2.6,5.6,2.0,5.3,66.7
1994-12-01,150.1,2.6,5.5,2.0,5.4,66.7
1995-01-01,150.5,2.9,5.6,2.3,5.5,66.8
1995-02-01,150.9,2.9,5.4,2.3,5.9,66.8
1995-03-01,151.2,2.8,5.4,2.2,6.0,66.7
1995-04-01,151.8,3.1,5.8,2.4,6.0,66.9
1995-05-01,152.1,3.1,5.6,3.7,6.0,66.5
1995-06-01,152.4,3.0,5.6,3.1,6.0,66.5
1995-07-01,152.6,2.8,5.7,2.4,5.8,66.6
1995-08-01,152.9,2.6,5.7,2.5,5.7,66.6
1995-09-01,153.1,2.5,5.6,2.2,5.8,66.6
1995-10-01,153.5,2.7,5.5,2.5,5.8,66.6
1995-11-01,153.7,2.6,5.6,2.3,5.8,66.5
1995-12-01,153.9,2.5,5.6,3.1,5.6,66.4
1996-01-01,154.7,2.8,5.6,2.4,5.6,66.4
1996-02-01,155.0,2.7,5.5,2.1,5.2,66.6
1996-03-01,155.5,2.8,5.5,2.6,5.3,66.6
1996-04-01,156.1,2.8,5.6,2.6,5.2,66.7
1996-05-01,156.4,2.8,5.6,2.3,5.2,66.7
1996-06-01,156.7,2.8,5.3,2.4,5.3,66.7
1996-07-01,157.0,2.9,5.5,2.7,5.4,66.9
1996-08-01,157.2,2.8,5.1,2.5,5.2,66.7
1996-09-01,157.7,3.0,5.2,2.7,5.3,66.9
1996-10-01,158.2,3.1,5.2,2.4,5.2,67.0
1996-11-01,158.7,3.3,5.4,2.2,5.3,67.0
1996-12-01,159.1,3.4,5.4,2.5,5.3,67.0
1997-01-01,159.4,3.0,5.3,2.1,5.2,67.0
1997-02-01,159.7,3.0,5.2,2.0,5.2,66.9
1997-03-01,159.8,2.8,5.2,2.4,5.4,67.1
1997-04-01,159.9,2.4,5.1,2.6,5.5,67.1
1997-05-01,159.9,2.2,4.9,2.6,5.5,67.1
1997-06-01,160.2,2.2,5.0,2.8,5.6,67.1
1997-07-01,160.4,2.2,4.9,2.9,5.5,67.2
1997-08-01,160.8,2.3,4.8,2.6,5.5,67.2
1997-09-01,161.2,2.2,4.9,2.8,5.5,67.1
1997-10-01,161.5,2.1,4.7,2.3,5.5,67.1
1997-11-01,161.7,1.9,4.6,2.2,5.5,67.2
1997-12-01,161.8,1.7,4.7,2.8,5.5,67.2
1998-01-01,162.0,1.6,4.6,2.7,5.6,67.1
1998-02-01,162.0,1.4,4.6,2.5,5.5,67.1
1998-03-01,162.0,1.4,4.7,2.7,5.5,67.1
1998-04-01,162.2,1.4,4.3,2.7,5.4,67.0
1998-05-01,162.6,1.7,4.4,2.6,5.5,67.0
1998-06-01,162.8,1.6,4.5,2.9,5.6,67.0
1998-07-01,163.2,1.7,4.5,2.3,5.5,67.0
1998-08-01,163.4,1.6,4.5,2.3,5.6,67.0
1998-09-01,163.5,1.4,4.6,2.2,5.5,67.2
1998-10-01,163.9,1.5,4.5,2.1,5.1,67.2
1998-11-01,164.1,1.5,4.4,2.0,4.8,67.1
1998-12-01,164.4,1.6,4.4,2.4,4.7,67.2
1999-01-01,164.7,1.7,4.3,2.0,4.6,67.2
1999-02-01,164.7,1.7,4.4,1.9,4.8,67.2
1999-03-01,164.8,1.7,4.2,2.4,4.8,67.0
1999-04-01,165.9,2.3,4.3,2.5,4.7,67.1
1999-05-01,166.0,2.1,4.2,2.2,4.7,67.1
1999-06-01,166.0,2.0,4.3,3.4,4.8,67.1
1999-07-01,166.7,2.1,4.3,2.5,5.0,67.1
1999-08-01,167.1,2.3,4.2,2.6,5.1,67.0
1999-09-01,167.8,2.6,4.2,2.7,5.2,67.0
1999-10-01,168.1,2.6,4.1,2.3,5.2,67.0
1999-11-01,168.4,2.6,4.1,2.2,5.4,67.1
1999-12-01,168.8,2.7,4.0,1.8,5.3,67.1
2000-01-01,169.3,2.8,4.0,2.7,5.4,67.3
2000-02-01,170.0,3.2,4.1,2.6,5.7,67.3
2000-03-01,171.0,3.8,4.0,2.7,5.8,67.3
2000-04-01,170.9,3.0,3.8,2.9,6.0,67.3
2000-05-01,171.2,3.1,4.0,2.8,6.3,67.1
2000-06-01,172.2,3.7,4.0,2.0,6.5,67.1
2000-07-01,172.7,3.6,4.0,3.4,6.5,66.9
2000-08-01,172.7,3.4,4.1,3.2,6.5,66.9
2000-09-01,173.6,3.5,3.9,3.0,6.5,66.9
2000-10-01,173.9,3.5,3.9,3.0,6.5,66.8
2000-11-01,174.2,3.4,3.9,2.8,6.5,66.9
2000-12-01,174.6,3.4,3.9,2.3,6.4,67.0
2001-01-01,175.6,3.7,4.2,3.1,6.0,67.2
2001-02-01,176.0,3.5,4.2,2.8,5.5,67.1
2001-03-01,176.1,3.0,4.3,3.6,5.3,67.2
2001-04-01,176.4,3.2,4.4,2.4,4.8,66.9
2001-05-01,177.3,3.6,4.3,1.9,4.2,66.7
2001-06-01,177.7,3.2,4.5,1.4,4.0,66.7
2001-07-01,177.4,2.7,4.6,1.7,3.8,66.8
2001-08-01,177.4,2.7,4.9,1.6,3.6,66.5
2001-09-01,178.1,2.6,5.0,0.3,3.1,66.8
2001-10-01,177.6,2.1,5.3,1.0,2.5,66.7
2001-11-01,177.5,1.9,5.5,1.1,2.1,66.7
2001-12-01,177.4,1.6,5.7,-0.2,1.8,66.7
2002-01-01,177.7,1.2,5.7,0.8,1.7,66.5
2002-02-01,178.0,1.1,5.7,0.9,1.7,66.8
2002-03-01,178.5,1.4,5.7,1.1,1.7,66.6
2002-04-01,179.3,1.6,5.9,0.5,1.8,66.7
2002-05-01,179.5,1.2,5.8,0.1,1.8,66.7
2002-06-01,179.6,1.1,5.8,0.4,1.8,66.6
2002-07-01,180.0,1.5,5.8,0.3,1.7,66.5
2002-08-01,180.5,1.7,5.7,0.2,1.7,66.6
2002-09-01,180.8,1.5,5.7,-0.0,1.8,66.7
2002-10-01,181.2,2.0,5.7,-0.2,1.8,66.6
2002-11-01,181.5,2.3,5.9,-0.3,1.3,66.4
2002-12-01,181.8,2.5,6.0,-0.1,1.2,66.3
2003-01-01,182.6,2.8,5.8,-0.2,1.2,66.4
2003-02-01,183.6,3.1,5.9,-0.2,1.3,66.4
2003-03-01,183.9,3.0,5.9,-0.2,1.2,66.3
2003-04-01,183.2,2.2,6.0,-0.1,1.3,66.4
2003-05-01,182.9,1.9,6.1,0.1,1.3,66.4
2003-06-01,183.1,1.9,6.3,-1.2,1.2,66.5
2003-07-01,183.7,2.1,6.2,-0.1,1.0,66.2
2003-08-01,184.5,2.2,6.1,0.1,1.0,66.1
2003-09-01,185.1,2.4,6.1,0.1,1.0,66.1
2003-10-01,184.9,2.0,6.0,-0.2,1.0,66.1
2003-11-01,185.0,1.9,5.8,-0.2,1.0,66.1
2003-12-01,185.5,2.0,5.7,-0.6,1.0,65.9
2004-01-01,186.3,2.0,5.7,-0.1,1.0,66.1
2004-02-01,186.7,1.7,5.6,-0.4,1.0,66.0
2004-03-01,187.1,1.7,5.8,-0.1,1.0,66.0
2004-04-01,187.4,2.3,5.6,-0.4,1.0,65.9
2004-05-01,188.2,2.9,5.6,-0.5,1.0,66.0
2004-06-01,188.9,3.2,5.6,-1.0,1.0,66.1
2004-07-01,189.1,2.9,5.5,-0.4,1.3,66.1
2004-08-01,189.2,2.5,5.4,-0.5,1.4,66.0
2004-09-01,189.8,2.5,5.4,-1.3,1.6,65.8
2004-10-01,190.8,3.2,5.5,-0.2,1.8,65.9
2004-11-01,191.7,3.6,5.4,-0.0,1.9,66.0
2004-12-01,191.7,3.3,5.4,1.2,2.2,65.9
2005-01-01,191.6,2.8,5.3,0.3,2.3,65.8
2005-02-01,192.4,3.1,5.4,0.5,2.5,65.9
2005-03-01,193.1,3.2,5.2,0.6,2.6,65.9
2005-04-01,193.7,3.4,5.2,0.5,2.8,66.1
2005-05-01,193.6,2.9,5.1,0.7,3.0,66.1
2005-06-01,193.7,2.5,5.0,0.8,3.0,66.1
2005-07-01,194.9,3.1,5.0,1.1,3.3,66.1
2005-08-01,196.1,3.6,4.9,1.3,3.5,66.2
2005-09-01,198.8,4.7,5.0,2.0,3.6,66.1
2005-10-01,199.1,4.4,5.0,1.2,3.8,66.1
2005-11-01,198.1,3.3,5.0,1.3,4.0,66.0
2005-12-01,198.1,3.3,4.9,0.9,4.2,66.0
2006-01-01,199.3,4.0,4.7,2.0,4.3,66.0
2006-02-01,199.4,3.6,4.8,2.1,4.5,66.1
2006-03-01,199.7,3.4,4.7,3.2,4.6,66.2
2006-04-01,200.7,3.6,4.7,2.1,4.8,66.1
2006-05-01,201.3,4.0,4.6,2.3,4.9,66.1
2006-06-01,201.8,4.2,4.6,2.4,5.0,66.2
2006-07-01,202.9,4.1,4.7,2.2,5.2,66.1
2006-08-01,203.8,3.9,4.7,2.2,5.2,66.2
2006-09-01,202.8,2.0,4.5,2.8,5.2,66.1
2006-10-01,201.9,1.4,4.4,2.8,5.2,66.2
2006-11-01,202.0,2.0,4.5,3.4,5.2,66.3
2006-12-01,203.1,2.5,4.4,3.4,5.2,66.4
2007-01-01,203.4,2.1,4.6,2.3,5.2,66.4
2007-02-01,204.2,2.4,4.5,2.5,5.3,66.3
2007-03-01,205.3,2.8,4.4,2.1,5.3,66.2
2007-04-01,205.9,2.6,4.5,2.1,5.2,65.9
2007-05-01,206.8,2.7,4.4,1.5,5.2,66.0
2007-06-01,207.2,2.7,4.6,1.1,5.2,66.0
2007-07-01,207.6,2.3,4.7,1.9,5.3,66.0
2007-08-01,207.7,1.9,4.6,2.1,5.0,65.8
2007-09-01,208.5,2.8,4.7,1.8,4.9,66.0
2007-10-01,209.2,3.6,4.7,1.7,4.8,65.8
2007-11-01,210.8,4.4,4.7,2.2,4.5,66.0
2007-12-01,211.4,4.1,5.0,1.5,4.2,66.0
2008-01-01,212.2,4.3,5.0,1.1,3.9,66.2
2008-02-01,212.7,4.1,4.9,0.3,3.0,66.0
2008-03-01,213.4,4.0,5.1,0.6,2.6,66.1
2008-04-01,213.9,3.9,5.0,0.1,2.3,65.9
2008-05-01,215.2,4.1,5.4,-0.4,2.0,66.1
2008-06-01,217.5,4.9,5.6,-0.4,2.0,66.1
2008-07-01,219.0,5.5,5.8,-0.8,2.0,66.1
2008-08-01,218.7,5.3,6.1,-1.5,2.0,66.1
2008-09-01,218.9,5.0,6.1,-1.0,1.8,66.0
2008-10-01,217.0,3.7,6.5,1.2,1.0,66.0
2008-11-01,213.2,1.1,6.8,2.8,0.4,65.9
2008-12-01,211.4,-0.0,7.3,2.5,0.2,65.8
2009-01-01,211.9,-0.1,7.8,2.0,0.2,65.7
2009-02-01,212.7,0.0,8.3,2.1,0.2,65.8
2009-03-01,212.5,-0.4,8.7,3.2,0.2,65.6
2009-04-01,212.7,-0.6,9.0,0.1,0.2,65.7
2009-05-01,213.0,-1.0,9.4,0.1,0.2,65.7
2009-06-01,214.8,-1.2,9.5,0.5,0.2,65.7
2009-07-01,214.7,-2.0,9.5,-0.1,0.2,65.5
2009-08-01,215.4,-1.5,9.6,-1.0,0.2,65.4
2009-09-01,215.9,-1.4,9.8,-1.9,0.2,65.1
2009-10-01,216.5,-0.2,10.0,-0.8,0.1,65.0
2009-11-01,217.2,1.9,9.9,-1.0,0.1,65.0
2009-12-01,217.3,2.8,9.9,-1.2,0.1,64.6
2010-01-01,217.5,2.6,9.8,-0.8,0.1,64.8
2010-02-01,217.3,2.2,9.8,-1.1,0.1,64.9
2010-03-01,217.4,2.3,9.9,-1.6,0.2,64.9
2010-04-01,217.4,2.2,9.9,-0.4,0.2,65.2
2010-05-01,217.3,2.0,9.6,-0.5,0.2,64.9
2010-06-01,217.2,1.1,9.4,-0.4,0.2,64.6
2010-07-01,217.6,1.3,9.4,-0.1,0.2,64.6
2010-08-01,217.9,1.2,9.5,-0.7,0.2,64.7
2010-09-01,218.3,1.1,9.5,-0.1,0.2,64.6
2010-10-01,219.0,1.2,9.4,-1.0,0.2,64.4
2010-11-01,219.6,1.1,9.8,-1.2,0.2,64.6
2010-12-01,220.5,1.4,9.3,-0.9,0.2,64.3
2011-01-01,221.2,1.7,9.1,-1.1,0.2,64.2
2011-02-01,221.9,2.1,9.0,-1.4,0.2,64.1
2011-03-01,223.0,2.6,9.0,-1.5,0.1,64.2
2011-04-01,224.1,3.1,9.1,-1.5,0.1,64.2
2011-05-01,224.8,3.5,9.0,-2.1,0.1,64.1
2011-06-01,224.8,3.5,9.1,-2.0,0.1,64.0
2011-07-01,225.4,3.6,9.0,-2.6,0.1,64.0
2011-08-01,226.1,3.8,9.0,-1.3,0.1,64.1
2011-09-01,226.6,3.8,9.0,-0.7,0.1,64.2
2011-10-01,226.8,3.5,8.8,-1.6,0.1,64.1
2011-11-01,227.2,3.5,8.6,-1.6,0.1,64.1
2011-12-01,227.2,3.1,8.5,-2.0,0.1,64.0
2012-01-01,227.8,3.0,8.3,-1.6,0.1,63.7
2012-02-01,228.3,2.9,8.3,-1.7,0.1,63.8
2012-03-01,228.8,2.6,8.2,-1.3,0.1,63.8
2012-04-01,229.2,2.3,8.2,-1.9,0.1,63.7
2012-05-01,228.7,1.7,8.2,-1.3,0.2,63.7
2012-06-01,228.5,1.7,8.2,-0.4,0.2,63.8
2012-07-01,228.6,1.4,8.2,-1.2,0.2,63.7
2012-08-01,229.9,1.7,8.1,-1.2,0.1,63.5
2012-09-01,231.0,1.9,7.8,-2.1,0.1,63.6
2012-10-01,231.6,2.2,7.8,-1.7,0.2,63.8
2012-11-01,231.2,1.8,7.7,-1.5,0.2,63.6
2012-12-01,231.2,1.8,7.9,-2.5,0.2,63.7
2013-01-01,231.7,1.7,8.0,-1.1,0.1,63.7
2013-02-01,232.9,2.0,7.7,-0.9,0.2,63.4
2013-03-01,232.3,1.5,7.5,0.5,0.1,63.3
2013-04-01,231.8,1.1,7.6,-0.8,0.2,63.4
2013-05-01,231.9,1.4,7.5,-0.5,0.1,63.4
2013-06-01,232.4,1.7,7.5,-0.7,0.1,63.4
2013-07-01,232.9,1.9,7.3,-0.2,0.1,63.3
2013-08-01,233.5,1.5,7.2,-1.6,0.1,63.3
2013-09-01,233.5,1.1,7.2,-1.4,0.1,63.2
2013-10-01,233.7,0.9,7.2,-1.1,0.1,62.8
2013-11-01,234.1,1.2,6.9,-1.0,0.1,63.0
2013-12-01,234.7,1.5,6.7,-1.9,0.1,62.9
2014-01-01,235.3,1.6,6.6,-1.3,0.1,62.9
2014-02-01,235.5,1.1,6.7,-1.4,0.1,62.9
2014-03-01,236.0,1.6,6.7,-0.9,0.1,63.1
2014-04-01,236.5,2.0,6.2,-1.3,0.1,62.8
2014-05-01,236.9,2.2,6.3,-1.5,0.1,62.9
2014-06-01,237.2,2.1,6.1,-1.2,0.1,62.8
2014-07-01,237.5,2.0,6.2,-1.8,0.1,62.9
2014-08-01,237.5,1.7,6.1,-1.3,0.1,62.9
2014-09-01,237.5,1.7,5.9,-2.0,0.1,62.8
2014-10-01,237.4,1.6,5.7,-1.1,0.1,62.9
2014-11-01,237.0,1.2,5.8,-0.3,0.1,62.9
2014-12-01,236.3,0.7,5.6,-2.5,0.1,62.8
2015-01-01,234.7,-0.2,5.7,1.1,0.1,62.9
2015-02-01,235.3,-0.1,5.5,1.5,0.1,62.7
2015-03-01,236.0,-0.0,5.4,0.9,0.1,62.6
2015-04-01,236.2,-0.1,5.4,-0.8,0.1,62.8
2015-05-01,237.0,0.0,5.6,-1.0,0.1,62.9
2015-06-01,237.7,0.2,5.3,-1.2,0.1,62.7
2015-07-01,238.0,0.2,5.2,-1.3,0.1,62.6
2015-08-01,238.0,0.2,5.1,-1.3,0.1,62.6
2015-09-01,237.5,0.0,5.0,-1.7,0.1,62.4
2015-10-01,237.7,0.1,5.0,-0.8,0.1,62.5
2015-11-01,238.0,0.4,5.1,-0.7,0.1,62.5
2015-12-01,237.8,0.6,5.0,-0.7,0.2,62.7
2016-01-01,237.7,1.2,4.8,-0.9,0.3,62.7
2016-02-01,237.3,0.8,4.9,-0.2,0.4,62.8
2016-03-01,238.1,0.9,5.0,0.2,0.4,63.0
2016-04-01,239.0,1.2,5.1,-1.2,0.4,62.9
2016-05-01,239.6,1.1,4.8,-1.2,0.4,62.7
2016-06-01,240.2,1.1,4.9,-0.6,0.4,62.7
2016-07-01,240.1,0.9,4.8,-1.5,0.4,62.8
2016-08-01,240.5,1.1,4.9,-1.4,0.4,62.9
2016-09-01,241.2,1.5,5.0,-2.2,0.4,62.9
2016-10-01,241.7,1.7,4.9,-1.7,0.4,62.8
2016-11-01,242.0,1.7,4.7,-1.9,0.4,62.7
2016-12-01,242.6,2.1,4.7,-2.3,0.5,62.7
2017-01-01,243.6,2.5,4.7,-1.4,0.6,62.8
2017-02-01,244.0,2.8,4.6,-1.2,0.7,62.9
2017-03-01,243.9,2.4,4.4,-0.2,0.8,62.9
2017-04-01,244.2,2.2,4.4,-0.6,0.9,63.0
2017-05-01,244.0,1.9,4.4,-0.4,0.9,62.8
2017-06-01,244.2,1.6,4.3,0.7,1.0,62.8
2017-07-01,244.2,1.7,4.3,-0.4,1.2,62.9
2017-08-01,245.2,1.9,4.4,-0.4,1.2,62.9
2017-09-01,246.4,2.2,4.3,-1.0,1.2,63.1
2017-10-01,246.6,2.0,4.2,-0.8,1.2,62.7
2017-11-01,247.3,2.2,4.2,-1.0,1.2,62.7
2017-12-01,247.8,2.1,4.1,-2.8,1.3,62.7
2018-01-01,248.9,2.2,4.0,-0.8,1.4,62.7
2018-02-01,249.5,2.3,4.1,-0.8,1.4,63.0
2018-03-01,249.6,2.3,4.0,1.3,1.5,62.9
2018-04-01,250.2,2.5,4.0,0.8,1.7,62.9
2018-05-01,250.8,2.8,3.8,0.4,1.7,62.9
2018-06-01,251.0,2.8,4.0,0.8,1.8,63.0
2018-07-01,251.2,2.9,3.8,-0.1,1.9,63.0
2018-08-01,251.7,2.6,3.8,-0.1,1.9,62.6
2018-09-01,252.2,2.3,3.7,-0.7,2.0,62.8
2018-10-01,252.8,2.5,3.8,-0.2,2.2,62.9
2018-11-01,252.6,2.1,3.8,0.1,2.2,62.9
2018-12-01,252.8,2.0,3.9,0.5,2.3,63.0
2019-01-01,252.6,1.5,4.0,0.6,2.4,63.1
2019-02-01,253.3,1.5,3.8,0.6,2.4,63.1
2019-03-01,254.3,1.9,3.8,5.7,2.4,63.0
2019-04-01,255.2,2.0,3.7,3.1,2.4,62.8
2019-05-01,255.3,1.8,3.6,1.9,2.4,62.9
2019-06-01,255.2,1.7,3.6,1.8,2.4,63.0
2019-07-01,255.8,1.8,3.7,1.1,2.4,63.1
2019-08-01,256.0,1.7,3.6,0.6,2.1,63.1
2019-09-01,256.4,1.7,3.5,0.3,2.0,63.2
2019-10-01,257.2,1.7,3.6,-0.0,1.8,63.3
2019-11-01,257.9,2.1,3.6,-0.2,1.6,63.3
2019-12-01,258.6,2.3,3.6,-0.3,1.6,63.3
2020-01-01,258.9,2.5,3.6,-0.6,1.6,63.3
2020-02-01,259.2,2.3,3.5,-0.5,1.6,63.3
2020-03-01,258.2,1.5,4.4,3.4,0.6,62.6
2020-04-01,256.1,0.3,14.8,3.2,0.0,60.1
2020-05-01,255.8,0.2,13.2,2.9,0.0,60.8
2020-06-01,257.0,0.7,11.0,1.4,0.1,61.5
2020-07-01,258.4,1.0,10.2,-0.7,0.1,61.5
2020-08-01,259.4,1.3,8.4,-1.2,0.1,61.7
2020-09-01,260.0,1.4,7.8,-1.3,0.1,61.5
2020-10-01,260.2,1.2,6.8,-1.2,0.1,61.7
2020-11-01,260.9,1.2,6.7,-1.3,0.1,61.5
2020-12-01,262.0,1.3,6.7,-1.8,0.1,61.5
2021-01-01,262.5,1.4,6.4,-1.6,0.1,61.3
2021-02-01,263.6,1.7,6.2,-2.0,0.1,61.4
2021-03-01,264.9,2.6,6.1,-1.5,0.1,61.5
2021-04-01,266.8,4.1,6.1,-1.5,0.1,61.6
2021-05-01,268.5,4.9,5.8,-1.7,0.1,61.5
2021-06-01,270.7,5.3,5.9,-1.9,0.1,61.7
2021-07-01,272.0,5.3,5.4,-2.0,0.1,61.8
2021-08-01,272.8,5.2,5.1,-3.2,0.1,61.8
2021-09-01,273.9,5.4,4.7,-3.5,0.1,61.7
2021-10-01,276.4,6.2,4.5,-1.8,0.1,61.8
2021-11-01,278.8,6.9,4.1,-2.6,0.1,61.9
2021-12-01,280.8,7.2,3.9,-2.9,0.1,62.0
2022-01-01,282.4,7.6,4.0,-2.2,0.1,62.2
2022-02-01,284.5,7.9,3.8,-2.6,0.1,62.2
2022-03-01,287.6,8.5,3.6,-3.0,0.2,62.3
2022-04-01,288.8,8.3,3.7,-3.3,0.3,62.2
2022-05-01,291.4,8.5,3.6,-3.3,0.8,62.3
2022-06-01,295.0,9.0,3.6,-4.0,1.2,62.2
2022-07-01,295.0,8.4,3.5,-1.4,1.7,62.1
2022-08-01,295.2,8.2,3.6,-1.5,2.3,62.4
2022-09-01,296.3,8.2,3.5,-2.6,2.6,62.3
2022-10-01,297.9,7.8,3.6,0.0,3.1,62.3
2022-11-01,298.6,7.1,3.6,0.2,3.8,62.1
2022-12-01,298.8,6.4,3.5,0.8,4.1,62.3
2023-01-01,300.4,6.4,3.4,1.4,4.3,62.4
2023-02-01,301.5,6.0,3.6,1.4,4.6,62.5
2023-03-01,301.7,4.9,3.5,2.6,4.6,62.6
2023-04-01,303.0,4.9,3.4,1.2,4.8,62.6
2023-05-01,303.4,4.1,3.7,1.1,5.1,62.6
2023-06-01,304.0,3.1,3.6,8.0,5.1,62.6
2023-07-01,304.6,3.3,3.5,5.1,5.1,62.6
2023-08-01,306.2,3.7,3.8,4.3,5.3,62.8
2023-09-01,307.3,3.7,3.8,3.3,5.3,62.8
2023-10-01,307.5,3.2,3.8,3.2,5.3,62.7
2023-11-01,308.0,3.1,3.7,2.8,5.3,62.8
2023-12-01,308.7,3.3,3.7,1.6,5.3,62.5
2024-01-01,309.7,3.1,3.7,2.5,5.3,62.5
2024-02-01,311.1,3.2,3.9,2.4,5.3,62.5
2024-03-01,312.2,3.5,3.8,3.0,5.3,62.7
2024-04-01,313.2,3.4,3.9,2.1,5.3,62.7
2024-05-01,313.2,3.3,4.0,2.0,5.3,62.5
2024-06-01,313.0,3.0,4.1,2.3,5.3,62.6
2024-07-01,313.5,2.9,4.3,2.5,5.3,62.7
2024-08-01,314.1,2.6,4.2,2.5,5.3,62.7
2024-09-01,,,4.1,2.4,5.1,62.7
2024-10-01,,,,2.1,,
